Name,Symbol,Price (USD),Volume (USD),Market capacity (USD),Change (1h),Change (24h),Change (7d)
Bitcoin,BTC,7947.38,4915210000.0,1.34658713928e+11,,,
Ethereum,ETH,457.217,1560580000.0,45018592282.8,,,
Ripple,XRP,0.585248,286312000.0,22879818338.3,,,
Bitcoin Cash,BCH,888.459,311243000.0,15141073855.0,,,
Litecoin,LTC,135.887,336918000.0,7585751755.52,,,
EOS,EOS,6.32885,861118000.0,4785741551.44,,,
Cardano,ADA,0.16199,82499400.0,4199926156.45,,,
Stellar,XLM,0.220144,30663400.0,4083801597.58,,,
NEO,NEO,57.9882,121523000.0,3769233000.0,,,
IOTA,MIOTA,1.20109,27567900.0,3338466027.61,,,
Monero,XMR,190.991,54613200.0,3031441403.26,,,
TRON,TRX,0.0448573,261840000.0,2949286394.33,,,
Dash,DASH,359.443,86753800.0,2865389764.65,,,
Tether,USDT,1.00101,1819010000.0,2289450825.74,,,
NEM,XEM,0.25355,19064200.0,2281949999.75,,,
Ethereum Classic,ETC,16.3899,167322000.0,1652118899.94,,,
VeChain,VEN,2.93668,52955000.0,1527861364.51,,,
Qtum,QTUM,15.8711,148857000.0,1404289085.02,,,
Binance Coin,BNB,11.9704,87291500.0,1185237185.6,,,
ICON,ICX,2.90438,87313200.0,1124118520.71,,,
OmiseGO,OMG,9.99917,21746400.0,1020340822.31,,,
Lisk,LSK,9.87185,20536400.0,1019219091.87,,,
Bitcoin Gold,BTG,53.5806,12154500.0,905901863.262,,,
Nano,NANO,6.66239,25601300.0,887752069.604,,,
Zcash,ZEC,214.54,45786600.0,767166881.625,,,
Verge,XVG,0.0419211,90599900.0,618921275.893,,,
DigixDAO,DGD,301.551,20311700.0,603102000.0,,,
Ontology,ONT,2.46585,125619000.0,594852902.698,,,
Populous,PPT,14.7688,1944930.0,546505072.398,,,
Bytecoin,BCN,0.00246853,3014270.0,453731470.584,,,
Siacoin,SC,0.0133561,6829730.0,446164826.226,,,
Steem,STEEM,1.74712,1397670.0,445869103.33,,,
Stratis,STRAT,4.4328,7087010.0,437934491.824,,,
Waves,WAVES,4.19094,19590500.0,419094000.0,,,
Bytom,BTM,0.421207,18422000.0,415731309.0,,,
RChain,RHOC,1.10074,343374.0,395807039.189,,,
Bitcoin Diamond,BCD,2.54276,1958860.0,388398643.875,,,
BitShares,BTS,0.14751,5098190.0,385309395.9,,,
Aeternity,AE,1.59622,3631450.0,371951937.998,,,
Augur,REP,33.5781,1494530.0,369359100.0,,,
Maker,MKR,594.86,111139.0,367758971.325,,,
Dogecoin,DOGE,0.00316008,5495020.0,359557386.413,,,
Waltonchain,WTC,13.345,5319340.0,332266185.41,,,
0x,ZRX,0.630104,29573100.0,328489558.063,,,
Decred,DCR,46.5136,256295.0,326437281.591,,,
Status,SNT,0.0934549,23099700.0,324333715.359,,,
Zilliqa,ZIL,0.0483618,13022000.0,320085086.452,,,
Veritaseum,VERI,151.239,435144.0,308020219.7,,,
Komodo,KMD,2.73405,1346000.0,284433093.651,,,
Aion,AION,2.4343,8834420.0,280723161.866,,,
Ardor,ARDR,0.266751,5845440.0,266484114.291,,,
Hshare,HSR,6.19488,17860400.0,265090612.131,,,
Ark,ARK,2.52925,939671.0,256775302.568,,,
Loopring,LRC,0.432575,2371580.0,247464929.284,,,
Cryptonex,CNX,5.44997,180643.0,246255975.643,,,
PIVX,PIVX,4.39977,25447700.0,245743160.235,,,
KuCoin Shares,KCS,2.59915,413547.0,236634610.986,,,
Nebulas,NAS,6.41863,9384490.0,227861365.0,,,
QASH,QASH,0.643383,4046850.0,225184050.0,,,
Basic Attenti...,BAT,0.222906,16893600.0,222906000.0,,,
Factom,FCT,24.7477,1470390.0,216421160.765,,,
DigiByte,DGB,0.0212333,1310750.0,213069659.327,,,
IOStoken,IOST,0.0247506,27041300.0,207905040.0,,,
Ethos,ETHOS,2.68778,5797550.0,204494587.048,,,
MonaCoin,MONA,3.4394,825696.0,200764398.479,,,
Golem,GNT,0.239854,5822610.0,200101077.748,,,
Gas,GAS,19.0001,3853980.0,189598167.463,,,
Dragonchain,DRGN,0.740899,928068.0,176646576.924,,,
FunFair,FUN,0.0369775,3473240.0,170284149.3,,,
GXChain,GXS,2.82044,2394720.0,169226400.0,,,
Electroneum,ETN,0.0251578,3146250.0,164748840.355,,,
Syscoin,SYS,0.308607,2667420.0,164146877.53,,,
Storm,STORM,0.0395287,310016000.0,161627045.048,,,
Revain,R,0.874485,3567400.0,161298758.25,,,
aelf,ELF,0.643086,18212800.0,160771500.0,,,
Kyber Network,KNC,1.1764,4451000.0,157793704.668,,,
SALT,SALT,2.67053,6024550.0,149249540.476,,,
ZCoin,XZC,33.3333,718292.0,146831615.122,,,
Request Network,REQ,0.216866,4572830.0,143773809.427,,,
Substratum,SUB,0.407282,7269470.0,143727094.594,,,
Kin,KIN,0.000183038,249304.0,138394585.366,,,
Nxt,NXT,0.130161,1747670.0,130030831.387,,,
ReddCoin,RDD,0.00450888,1921990.0,129872610.744,,,
Byteball Bytes,GBYTE,195.767,251939.0,126313185.637,,,
Neblio,NEBL,9.75128,11251000.0,126234760.898,,,
Nucleus Vision,NCASH,0.0311929,15980700.0,124270562.048,,,
Power Ledger,POWR,0.341091,11386300.0,124134252.798,,,
Enigma,ENG,1.65588,6418630.0,123919718.985,,,
MaidSafeCoin,MAID,0.268241,846969.0,121393111.547,,,
ChainLink,LINK,0.346109,7160640.0,121138150.0,,,
Emercoin,EMC,2.91548,826944.0,121059411.402,,,
Mithril,MITH,0.391692,96935300.0,117524698.139,,,
Dentacoin,DCN,0.000348596,154158.0,113372696.418,,,
Dent,DENT,0.0102985,671339.0,109316115.759,,,
TenX,PAY,1.04289,5621780.0,109150233.586,,,
Bancor,BNT,2.53432,7072330.0,106002967.568,,,
Cindicator,CND,0.0716482,892844.0,103601619.939,,,
Nuls,NULS,2.55576,13325800.0,102230400.0,,,
XPA,XPA,0.0999528,2043360.0,99952800.0,,,
Metal,MTL,4.47132,24070300.0,99900306.847,,,
Matrix AI Net...,MAN,0.66186,856592.0,99279000.0,,,
Storj,STORJ,0.740455,6876720.0,98795573.1154,,,
Enjin Coin,ENJ,0.129346,12357900.0,97810479.6404,,,
Particl,PART,10.7923,59821.6,96235531.8198,,,
Polymath,POLY,0.394115,574011.0,94587501.4712,,,
Iconomi,ICN,0.939159,1422090.0,93667667.9573,,,
Nexus,NXS,1.60675,640528.0,90604084.5845,,,
Credits,CS,0.66063,2690880.0,90176525.312,,,
Genesis Vision,GVT,23.9172,8670030.0,89134164.1407,,,
MinexCoin,MNX,25.1472,120772.0,89042697.5602,,,
Aragon,ANT,3.36957,269337.0,88758284.6976,,,
Genaro Network,GNX,0.369778,4165340.0,88139824.7408,,,
Cube,AUTO,0.0138429,3430570.0,86863366.926,,,
BitcoinDark,BTCD,67.1997,163483.0,86611152.1114,,,
Pillar,PLR,0.379117,35419.5,86205443.2216,,,
Achain,ACT,0.18516,5150710.0,85938874.3662,,,
POA Network,POA,0.41877,8172580.0,85316582.4466,,,
Decentraland,MANA,0.0811841,5387160.0,85254793.3154,,,
Blocknet,BLOCK,16.7282,60258.7,84869228.7646,,,
Vertcoin,VTC,1.9079,1133460.0,83045878.7625,,,
Civic,CVC,0.240297,4978840.0,82349773.7299,,,
Bitcore,BTX,6.349,2149530.0,82275478.0557,,,
iExec RLC,RLC,1.00319,526117.0,80326219.0692,,,
Theta Token,THETA,0.134937,7186600.0,79354254.5449,,,
GameCredits,GAME,1.20704,446242.0,77679484.0781,,,
WAX,WAX,0.156547,5079690.0,77170553.9587,,,
SingularityNET,AGI,0.146432,414790.0,76395044.5166,,,
Dynamic Tradi...,DTR,0.0641131,62122.7,76245154.7866,,,
Quantstamp,QSP,0.123266,3798670.0,76093848.5801,,,
Raiden Networ...,RDN,1.51043,5583970.0,75776666.0025,,,
Time New Bank,TNB,0.0334806,2861340.0,75720367.1922,,,
Skycoin,SKY,9.65219,377097.0,74628513.0763,,,
Gnosis,GNO,67.4533,602879.0,74508240.647,,,
Monaco,MCO,5.63806,8913550.0,74453639.3405,,,
Santiment Net...,SAN,1.18732,1034640.0,74397911.6446,,,
SmartCash,SMART,0.0875467,99103.8,72884123.8522,,,
Po.et,POE,0.0322581,3550540.0,72155368.6934,,,
Oyster,PRL,0.997464,726786.0,71086193.2956,,,
Ubiq,UBQ,1.68521,321982.0,67684758.6057,,,
SIRIN LABS Token,SRN,0.293774,8977970.0,67350048.2114,,,
Ignis,IGNIS,0.0876625,892934.0,66723781.5169,,,
NavCoin,NAV,1.05769,487104.0,66232564.7334,,,
Telcoin,TEL,0.00220586,1363140.0,62400184.0485,,,
Gifto,GTO,0.230688,35681500.0,61552319.5012,,,
Pura,PURA,0.355164,77549.7,61528341.0091,,,
Fusion,FSN,2.19652,368045.0,60729824.264,,,
DEW,DEW,0.586729,69192.1,60576573.3148,,,
ZenCash,ZEN,17.1673,1000970.0,60254004.1313,,,
CyberMiles,CMT,0.0995796,10275300.0,59762679.7379,,,
Arcblock,ABT,0.632269,19885200.0,58852061.5731,,,
Bibox Token,BIX,0.541261,1356700.0,57329318.3476,,,
ETHLend,LEND,0.052758,4351230.0,57302198.6861,,,
Pundi X [OLD],PXS,1.4241,171055.0,56414902.3776,,,
High Performa...,HPB,2.52617,2966800.0,56122908.422,,,
Bluzelle,BLZ,0.339347,4740850.0,55992255.0,,,
PayPie,PPP,0.675544,57475.2,55732380.0,,,
Edgeless,EDG,0.679151,550332.0,55721824.6538,,,
BLOCKv,VEE,0.0362097,216393.0,55452762.8602,,,
BridgeCoin,BCO,2.04072,29946.2,55099440.0,,,
DigitalNote,XDN,0.00794714,2645920.0,54818912.2071,,,
XTRABYTES,XBY,0.125447,87164.8,53942210.0,,,
Asch,XAS,0.575934,1054490.0,53766509.2042,,,
SophiaTX,SPHTX,0.278384,145943.0,53386752.2421,,,
AdEx,ADX,0.711686,7205580.0,52259601.8719,,,
Envion,EVN,0.484323,90142.2,52058567.4825,,,
THEKEY,TKY,0.0143064,587532.0,51999885.6716,,,
Experience Po...,XP,0.000233646,80384.5,51740878.7951,,,
MediBloc,MED,0.0168127,863166.0,49872925.9581,,,
BOScoin,BOS,0.113454,644650.0,49252763.8795,,,
SaluS,SLS,47.409,2561090.0,47897472.6885,,,
Ripio Credit ...,RCN,0.0978616,6462820.0,47857555.7239,,,
CRYPTO20,C20,1.20049,1739190.0,47457056.3053,,,
OST,OST,0.164159,2318240.0,47362457.4935,,,
Scry.info,DDD,0.157163,132923.0,47157852.0045,,,
MediShares,MDS,0.0975258,4737370.0,47154880.6651,,,
ION,ION,2.29381,339950.0,47061545.7804,,,
Loom Network,LOOM,0.116003,331494.0,45988630.2699,,,
Eidoo,EDO,1.56509,5250420.0,45796820.431,,,
SONM,SNM,0.124826,670271.0,44887429.6,,,
Peercoin,PPC,1.79227,344332.0,44231161.4696,,,
Feathercoin,FTC,0.224775,228967.0,44054218.683,,,
SmartMesh,SMT,0.0311495,4152860.0,44036568.1551,,,
Red Pulse,RPX,0.0806068,1788530.0,43797583.8698,,,
Ormeus Coin,ORME,2.52958,12238300.0,43077030.0269,,,
IoT Chain,ITC,0.885789,5687250.0,43051886.7995,,,
Ambrosus,AMB,0.297246,618112.0,42979088.9549,,,
Streamr DATAcoin,DATA,0.0633904,169552.0,42925095.5043,,,
Quantum Resis...,QRL,0.814525,324830.0,42355300.0,,,
QLINK,QLC,0.176288,31613200.0,42309120.0,,,
Modum,MOD,2.30739,781096.0,42147247.218,,,
Ravencoin,RVN,0.0585454,1525930.0,42043802.1652,,,
AirSwap,AST,0.279942,2767900.0,41991300.0,,,
BitBay,BAY,0.0414715,815864.0,41889403.5854,,,
VIBE,VIBE,0.204568,1100490.0,40895988.0372,,,
Jibrel Network,JNT,0.270343,820367.0,40551450.0,,,
DATA,DTA,0.00952071,6169110.0,40504306.6619,,,
SpankChain,SPANK,0.134517,137382.0,40360936.1546,,,
SingularDTV,SNGLS,0.0670556,753157.0,40233360.0,,,
WePower,WPR,0.0991616,4631640.0,39905074.6866,,,
AppCoins,APPC,0.397964,2156440.0,39818014.1591,,,
Wings,WINGS,0.441863,1959790.0,39638793.1444,,,
UTRUST,UTK,0.138022,1498910.0,39542723.7326,,,
Einsteinium,EMC2,0.182359,2350320.0,39516062.8506,,,
Trinity Netwo...,TNC,0.118113,1029740.0,39370999.9606,,,
district0x,DNT,0.0634168,4054100.0,38050080.0,,,
TaaS,TAAS,4.64037,290978.0,37800457.6367,,,
Crypterium,CRPT,0.479199,367178.0,37368693.7118,,,
NAGA,NGC,0.645289,73435.2,37215325.3157,,,
CasinoCoin,CSC,0.0010269,10247.9,36940761.5116,,,
Melon,MLN,61.528,369586.0,36879883.2,,,
Bread,BRD,0.494655,807574.0,36796593.8501,,,
Gulden,NLG,0.093204,129208.0,36777161.3112,,,
DeepBrain Chain,DBC,0.0403621,2485980.0,36325890.0,,,
Rock,RKT,0.135719,103664.0,35993447.8194,,,
OriginTrail,TRAC,0.14124,622297.0,35946654.2148,,,
Synereo,AMP,0.343815,7979060.0,34631991.2317,,,
Tierion,TNT,0.080543,5886850.0,34511166.8893,,,
WaBi,WABI,0.757672,808729.0,34283167.516,,,
Etherparty,FUEL,0.0704277,1332480.0,34194004.2631,,,
INS Ecosystem,INS,1.20078,7611750.0,33631420.7439,,,
Wagerr,WGR,0.180092,19304.3,32956836.0,,,
LBRY Credits,LBC,0.209781,415448.0,32873420.9196,,,
Bottos,BTO,0.0922119,228499.0,32773911.6578,,,
Viacoin,VIA,1.40893,599202.0,32413818.9237,,,
MobileGo,MGO,0.32913,173714.0,32264244.287,,,
Universa,UTNP,0.0188447,11260.6,32242256.6017,,,
Counterparty,XCP,12.2274,166430.0,31998257.9151,,,
BlockMason Cr...,BCPT,0.453527,3812510.0,31809811.1304,,,
indaHash,IDH,0.079439,162445.0,31770536.4421,,,
IHT Real Esta...,IHT,0.100254,6399400.0,31310292.0081,,,
Soarcoin,SOAR,0.0288484,88252.7,31184070.9831,,,
SpaceChain,SPC,0.060446,21521.6,31129188.6982,,,
HTMLCOIN,HTML,0.000471035,77815.7,30982825.5368,,,
Metaverse ETP,ETP,0.807421,1604720.0,30700402.83,,,
Triggers,TRIG,0.953395,4129920.0,30609297.0704,,,
Burst,BURST,0.0169431,255032.0,30503337.5704,,,
Bitcoin Atom,BCA,1.68222,11014.6,30141218.9055,,,
Ink,INK,0.0648868,3609920.0,30101669.5782,,,
Delphy,DPY,0.801991,975056.0,30041249.5326,,,
Unobtanium,UNO,147.552,28333.9,29275975.5086,,,
Aeon,AEON,1.84866,13060.4,28931435.2029,,,
Centra,CTR,0.423955,4254800.0,28828940.0,,,
Game.com,GTC,0.0508817,6435060.0,28506485.7975,,,
CloakCoin,CLOAK,5.49832,222724.0,28095133.2597,,,
Presearch,PRE,0.178531,16236.5,27672305.0,,,
Blox,CDT,0.0419837,577519.0,27580059.7996,,,
bitCNY,BITCNY,0.168175,4370240.0,26769423.8,,,
Havven,HAV,0.440318,416250.0,26540487.5742,,,
Groestlcoin,GRS,0.368588,267779.0,25695400.6351,,,
KickCoin,KICK,0.0574354,2492870.0,25546767.4178,,,
Humaniq,HMQ,0.154015,83978.0,25083336.3256,,,
Mobius,MOBI,0.0658774,116323.0,24813216.9486,,,
TomoChain,TOMO,0.448641,147656.0,24675255.0,,,
Nimiq Exchang...,NET,2.34785,182878.0,24652425.0,,,
Elastic,XEL,0.268499,119507.0,24371044.7373,,,
SunContract,SNC,0.211181,7742080.0,24312253.2044,,,
Unikoin Gold,UKG,0.167992,853100.0,23690630.2078,,,
Monetha,MTH,0.108973,937887.0,23658330.1112,,,
Viberate,VIB,0.139299,4337750.0,23223901.4803,,,
Namecoin,NMC,1.55488,272716.0,22913333.632,,,
Crown,CRW,1.29131,102160.0,22901967.6932,,,
CPChain,CPC,0.100752,3088490.0,22842075.5476,,,
LEOcoin,LEO,0.226232,19708.4,22676185.5984,,,
Fortuna,FOTA,0.0566571,572305.0,22646869.8916,,,
UpToken,UP,0.165941,1179870.0,22646258.0106,,,
PotCoin,POT,0.10183,211318.0,22366068.7845,,,
Flash,FLASH,0.0246468,18015.0,22182120.0,,,
Decision Token,HST,0.688757,82264.7,22058130.5909,,,
Lunyr,LUN,9.59671,2423160.0,22051829.6173,,,
Hive Project,HVN,0.0585825,36725.7,21968437.5,,,
Odyssey,OCN,0.0109427,22880600.0,21885400.0,,,
Ethereum Movi...,EMV,3.31277,6446.95,21753854.1248,,,
ECC,ECC,0.000862621,25931.0,21565525.0,,,
TokenCard,TKN,0.865625,206314.0,21543621.4203,,,
DeepOnion,ONION,1.78312,50604.9,21315180.0117,,,
Shift,SHIFT,1.79021,75138.1,21239879.5911,,,
Pepe Cash,PEPECASH,0.029711,57146.5,20853675.7914,,,
Everex,EVX,1.26265,2752400.0,20833725.0,,,
Bean Cash,BITB,0.0084514,502509.0,20553314.6188,,,
Cofound.it,CFI,0.0631919,375371.0,20537367.5,,,
DECENT,DCT,0.397342,191297.0,20386064.0154,,,
Spectre.ai Di...,SXDT,0.248128,30784.2,20364738.0292,,,
YOYOW,YOYOW,0.0813199,3402920.0,20329974.9275,,,
WhiteCoin,XWC,0.0809019,47099.6,20130388.99,,,
LinkEye,LET,0.0334299,4073470.0,20057940.0,,,
Blockport,BPT,0.385625,179428.0,20045147.4614,,,
Refereum,RFR,0.00855162,507643.0,19973330.486,,,
Medicalchain,MTN,0.106187,7568660.0,19644595.0,,,
Safe Exchange...,SAFEX,0.0127178,21840.9,19625569.5981,,,
adToken,ADT,0.0326985,570563.0,19619100.0,,,
Steem Dollars,SBD,1.75366,1320380.0,19528255.3978,,,
Zeepin,ZPT,0.0663802,213877.0,19504346.6692,,,
I/O Coin,IOC,1.17051,16219.8,19450282.119,,,
Dai,DAI,1.00715,790032.0,19059486.6793,,,
Datum,DAT,0.0228891,1625800.0,19035389.1528,,,
Internet Node...,INT,0.126518,1446690.0,18977700.0,,,
Bankex,BKX,0.273694,895647.0,18901382.4849,,,
Electrify.Asia,ELEC,0.0695257,790273.0,18900356.6152,,,
Republic Prot...,REN,0.0414348,607525.0,18894363.0775,,,
Peerplays,PPY,4.74553,3463.84,18800039.1786,,,
Numeraire,NMR,13.8495,152394.0,18764820.8839,,,
BlackCoin,BLK,0.244499,554767.0,18764691.6218,,,
Mooncoin,MOON,8.36495e-05,5974.81,18723143.4469,,,
U.CASH,UCASH,0.0101427,5820.67,18710020.0229,,,
Linda,LINDA,0.00212141,278959.0,18593432.9356,,,
E-Dinar Coin,EDR,0.0209127,28813.7,18533085.4347,,,
STK,STK,0.0528704,2426740.0,18072930.7327,,,
NoLimitCoin,NLC2,0.0864699,85611.9,17778499.3624,,,
SIBCoin,SIB,1.06807,99543.8,17707914.666,,,
Mercury,MER,0.176526,1372360.0,17652600.0,,,
ATMChain,ATM,0.00374326,8682.12,17444660.1503,,,
Alphacat,ACAT,0.00621445,165676.0,17340975.8066,,,
Uquid Coin,UQC,1.73407,74018.9,17340700.0,,,
Storiqa,STQ,0.00222714,72622.9,17299408.4933,,,
Moeda Loyalty...,MDA,0.873073,653509.0,17137452.1328,,,
SwissBorg,CHSB,0.0296496,275178.0,17072866.2614,,,
WeTrust,TRST,0.185266,186838.0,17071798.735,,,
Cappasity,CAPP,0.0449973,101264.0,16961981.7027,,,
Lykke,LKK,0.052979,64257.1,16916191.0487,,,
Diamond,DMD,6.24084,91894.8,16909921.5209,,,
Zap,ZAP,0.151146,2754.92,16873244.6696,,,
VeriCoin,VRC,0.539201,487178.0,16657236.9691,,,
Mothership,MSP,0.118875,107833.0,16642500.0,,,
GridCoin,GRC,0.0423498,39424.5,16529667.0334,,,
Dimecoin,DIME,3.05823e-05,51243.0,16486818.2488,,,
Aeron,ARN,1.24086,618522.0,16131180.0,,,
All Sports,SOC,0.0329704,3854520.0,15994626.7352,,,
BitClave,CAT,0.0318736,579197.0,15981244.7308,,,
RevolutionVR,RVR,0.0759359,684656.0,15946539.0,,,
Primecoin,XPM,0.689156,138880.0,15890601.0454,,,
Zeusshield,ZSC,0.0137222,42324.1,15824039.8715,,,
MUSE,MUSE,1.07966,854.955,15743392.489,,,
SwftCoin,SWFTC,0.00890095,4796920.0,15576662.5,,,
Agrello,DLT,0.181105,687778.0,15571203.7947,,,
MonetaryUnit,MUE,0.121492,526696.0,15513336.4356,,,
Bloom,BLT,0.392624,133570.0,15508282.3271,,,
Banyan Network,BBN,0.112269,2259870.0,15317630.5875,,,
ZClassic,ZCL,4.21683,381464.0,15238147.7295,,,
Selfkey,KEY,0.00788937,131559.0,15086691.3975,,,
YEE,YEE,0.0118396,2433600.0,14919079.96,,,
Grid+,GRID,0.379374,1365.74,14885304.5366,,,
Pascal Coin,PASC,0.773022,77163.1,14767580.3814,,,
Matchpool,GUP,0.196626,3297330.0,14746950.0,,,
PRIZM,PZM,0.932055,11827.3,14744168.8549,,,
QunQun,QUN,0.0256176,3461660.0,14741694.2469,,,
FirstBlood,1ST,0.170361,140927.0,14575809.5568,,,
Lympo,LYM,0.0265546,95355.7,14526717.0974,,,
carVertical,CV,0.00267226,211755.0,14471490.9032,,,
Trade Token,TIO,0.170749,207935.0,14391670.9798,,,
SHIELD,XSH,0.0297023,53493.9,14308412.9477,,,
Datawallet,DXT,0.0366167,244607.0,14288650.1584,,,
ICOS,ICOS,24.6626,5672.64,14238159.4277,,,
Propy,PRO,0.801112,4958170.0,13964816.4638,,,
DADI,DADI,0.181217,2204270.0,13890704.8193,,,
bitUSD,BITUSD,1.08839,606466.0,13868265.38,,,
Omni,OMNI,24.4566,38793.1,13715068.2156,,,
ShipChain,SHIP,0.0976331,45454.6,13707261.3057,,,
COSS,COSS,0.209096,1554050.0,13601108.3217,,,
OAX,OAX,0.540238,1159570.0,13510946.9746,,,
Energo,TSL,0.0231869,454292.0,13495448.8809,,,
True Chain,TRUE,0.538755,15900600.0,13468875.0,,,
LATOKEN,LA,0.172479,650462.0,13425662.5625,,,
Electra,ECA,0.000555231,272580.0,13290918.7198,,,
EncrypGen,DNA,0.214391,116683.0,13279004.8936,,,
Matryx,MTX,0.568643,4873440.0,13206337.3877,,,
Expanse,EXP,1.6554,161910.0,13088248.8171,,,
Phore,PHR,1.80764,133841.0,13083616.2439,,,
SolarCoin,SLR,0.311115,62788.7,13048378.0086,,,
InsurePal,IPL,0.0649162,11926.1,13048156.2,,,
Lamden,TAU,0.0912425,43494.0,12976118.5794,,,
Radium,RADS,3.66663,157044.0,12716213.5283,,,
Paragon,PRG,0.193631,64332.5,12573739.251,,,
Universal Cur...,UNIT,0.938482,72038.2,12530275.9212,,,
Hi Mutual Soc...,HMC,0.0309429,266079.0,12504025.89,,,
BitDegree,BDG,0.0352971,17808.4,12490556.4802,,,
FairCoin,FAIR,0.234625,23067.2,12480602.7086,,,
ERA,ERA,0.0407452,653.256,12478726.7944,,,
CanYaCoin,CAN,0.305712,142485.0,12332236.3876,,,
FirstCoin,FRST,0.393976,55793.3,12295016.9754,,,
Swarm,SWM,0.240285,1136.53,12281772.5661,,,
OracleChain,OCT,0.406539,12651.3,12196170.0,,,
HempCoin,THC,0.0527671,57079.3,12161695.7643,,,
Bodhi,BOT,0.303842,1043620.0,12153680.0,,,
Blackmoon,BMC,0.568038,721886.0,12065117.091,,,
Xaurum,XAUR,0.0946235,83409.0,12029848.268,,,
Incent,INCNT,0.260703,60215.4,11996666.1912,,,
Zoin,ZOI,0.68873,11873.0,11972360.1766,,,
Databits,DTB,0.524274,32304.2,11926084.5535,,,
Covesting,COV,0.677832,59616.8,11862060.0,,,
Qbao,QBT,0.180769,1781160.0,11813507.7689,,,
Exchange Union,XUC,5.85864,439874.0,11717280.0,,,
Blocktix,TIX,0.29045,503643.0,11618000.0,,,
FlorinCoin,FLO,0.0784076,37057.7,11216468.8115,,,
MyBit Token,MYB,3.99129,78532.3,11173521.3596,,,
iXledger,IXT,0.311857,182378.0,11157882.9007,,,
Energycoin,ENRG,0.0908415,12415.4,11059521.1477,,,
ColossusXT,COLX,0.00102503,125955.0,10993179.139,,,
Profile Utili...,PUT,0.311714,1455100.0,10979737.297,,,
DomRaider,DRT,0.0184444,109058.0,10909862.6,,,
Spectrecoin,XSPEC,0.524147,44769.5,10894533.8176,,,
ProChain,PRA,0.218736,2292060.0,10841157.5637,,,
ALQO,ALQO,0.323979,68089.7,10800939.1048,,,
LoMoCoin,LMC,0.0471515,21512.7,10752443.0842,,,
DecentBet,DBET,0.0882604,24410.1,10620678.0743,,,
BitSend,BSD,0.56664,85926.1,10553811.66,,,
Target Coin,TGT,0.011059,587.626,10532922.1756,,,
Rise,RISE,0.0859978,2368.65,10527848.1313,,,
Clams,CLAM,3.58301,20731.4,10521151.5616,,,
Hackspace Cap...,HAC,0.0323845,112068.0,10502574.2198,,,
ALIS,ALIS,0.271333,25166.5,10456806.7299,,,
Rubycoin,RBY,0.40949,2041.23,10422592.7053,,,
Snovio,SNOV,0.0257079,152919.0,10411411.9427,,,
Swarm City,SWT,1.27625,89665.8,10403044.6016,,,
Tao,XTO,0.316287,1930.51,10389764.3207,,,
ATN,ATN,0.479643,246160.0,10386213.2259,,,
Auroracoin,AUR,1.19588,23309.3,10354095.4299,,,
Divi,DIVX,2.0091,25123.9,10333216.4111,,,
Boolberry,BBR,0.913787,25943.1,10310934.3597,,,
Cashaa,CAS,0.0311525,17614.0,10286130.4518,,,
Restart Energ...,MWAT,0.0247855,129238.0,10285982.5,,,
BitConnect,BCC,1.09691,11706.0,10274623.4816,,,
EchoLink,EKO,0.0408374,3547600.0,10205093.1503,,,
ToaCoin,TOA,0.00422389,16115.4,10179022.7493,,,
Everus,EVR,0.171478,1097760.0,10176967.0943,,,
Olympus Labs,MOT,0.256759,207469.0,10077156.1631,,,
Neumark,NEU,0.350547,116146.0,10068599.5063,,,
Waves Communi...,WCT,1.0083,25309.4,10052344.6551,,,
Rivetz,RVT,0.380876,15251.6,9995888.06253,,,
Musicoin,MUSIC,0.0142284,108599.0,9928823.27292,,,
NewYorkCoin,NYC,7.40517e-05,10085.1,9924748.63945,,,
TE-FOOD,TFD,0.024544,202009.0,9867788.45289,,,
Mintcoin,MINT,0.000394963,25170.2,9853244.9705,,,
Debitum Network,DEB,0.0589611,64801.4,9784430.53203,,,
TransferCoin,TX,1.5261,169762.0,9760241.2245,,,
PoSW Coin,POSW,0.220985,11323.5,9745438.5,,,
CoinFi,COFI,0.0570768,38949.2,9729914.80504,,,
DubaiCoin,DBIX,4.35426,78918.2,9722631.12944,,,
Bismuth,BIS,1.12414,23425.3,9649819.65741,,,
Russian Miner...,RMC,6374.71,7209.79,9606687.97,,,
bitqy,BQ,0.00306513,647.305,9541694.59371,,,
Rialto,XRL,0.129199,926.341,9512824.51828,,,
Measurable Da...,MDT,0.0602816,626464.0,9502495.77144,,,
Myriad,XMY,0.00607823,45504.2,9499544.1024,,,
ATBCoin,ATB,0.230371,1963230.0,9483913.40205,,,
Karma,KRM,0.00933158,23441.5,9382101.29543,,,
Quantum,QAU,0.121991,4766.07,9208796.41149,,,
Oxycoin,OXY,0.0950963,27939.6,9208627.02078,,,
EarthCoin,EAC,0.000775399,14139.0,9174515.1955,,,
AICHAIN,AIT,0.0171414,1444.13,9171798.69351,,,
NVO,NVST,0.611268,14678.3,9169020.0,,,
NeosCoin,NEOS,2.44626,297591.0,9157710.97716,,,
FidentiaX,FDX,0.0871384,22569.0,9149532.0,,,
GoByte,GBX,8.32583,96421.3,9147323.00303,,,
Open Trading ...,OTN,2.54165,58154.3,9130570.87373,,,
Stox,STX,0.216373,568078.0,9113968.73121,,,
Hacken,HKN,2.22243,25018.2,9051895.04625,,,
Aurora DAO,AURA,0.0884103,14364.5,9009674.41546,,,
DIMCOIN,DIM,0.00429121,4457.38,8979253.2379,,,
Leadcoin,LDC,0.0114259,6468750.0,8962471.29492,,,
OKCash,OK,0.121205,140395.0,8961370.78815,,,
BitDice,CSNO,0.126388,9801.64,8847160.0,,,
CoinMeet,MEE,0.0453771,13375500.0,8845344.39912,,,
The ChampCoin,TCC,0.053478,5116.33,8819898.02851,,,
TokenClub,TCT,0.0185449,529538.0,8791162.42021,,,
Guaranteed Et...,GETX,0.029178,104977.0,8753400.0,,,
LockChain,LOC,0.93468,4410.31,8685949.46088,,,
Nexium,NXC,0.129133,22931.5,8590036.72935,,,
InvestFeed,IFT,0.0443551,29247.7,8488734.79236,,,
SportyCo,SPF,0.161308,1361130.0,8432500.79369,,,
AirToken,AIR,0.00800294,149687.0,8403087.0,,,
B2BX,B2B,0.516727,52441.9,8358356.75462,,,
CoinPoker,CHP,0.0509099,148556.0,8288984.00237,,,
Patientory,PTOY,0.117983,423056.0,8258810.0,,,
Chronobank,TIME,11.5622,358530.0,8210466.34103,,,
Solaris,XLR,7.28358,37339.1,8182098.27529,,,
Worldcore,WRC,0.0464199,105598.0,8128556.14865,,,
Primas,PST,0.158686,478873.0,8124723.2,,,
OneRoot Network,RNT,0.0362635,1114770.0,8108511.30708,,,
SureRemit,RMT,0.0162032,60644.3,8101600.0,,,
EZToken,EZT,0.700515,500405.0,8055922.5,,,
True USD,TUSD,1.00527,1000510.0,7965874.83473,,,
HelloGold,HGT,0.0302562,1035650.0,7958429.09989,,,
FoldingCoin,FLDC,0.0137566,22649.0,7920555.29002,,,
Gambit,GAM,6.58988,1163.64,7909696.87525,,,
aXpire,AXP,0.0303614,55038.1,7782784.15561,,,
Ties.DB,TIE,0.18974,49842.8,7753642.25377,,,
Hubii Network,HBT,0.570507,3351.77,7711211.16258,,,
Dynamic,DYN,1.58838,150173.0,7691275.61826,,,
Polybius,PLBT,1.93623,14356.1,7685990.83671,,,
CHIPS,CHIPS,0.366367,1468.66,7667927.9249,,,
Viuly,VIU,0.0113211,2756300.0,7643654.87131,,,
E-coin,ECN,21.8125,865.031,7642298.82688,,,
LUXCoin,LUX,5.59254,126482.0,7623279.94243,,,
Interplanetar...,IPBC,0.232677,89482.9,7615822.67587,,,
Golos,GOLOS,0.0605027,7713.61,7533729.13361,,,
Sphere,SPHR,2.43116,322109.0,7495121.08148,,,
Ink Protocol,XNK,0.0459955,8789.66,7403335.3932,,,
Novacoin,NVC,3.62339,10415.4,7341313.28741,,,
CVCoin,CVCOIN,0.73841,2613.11,7263763.53753,,,
Mysterium,MYST,0.372356,162016.0,7234513.74122,,,
Etheroll,DICE,1.02934,28492.5,7207050.25731,,,
DopeCoin,DOPE,0.0612748,30398.9,7159667.97665,,,
Aventus,AVT,1.18823,99875.5,7129380.0,,,
Tokes,TKS,2.10823,14333.6,7034101.7083,,,
LALA World,LALA,0.0379439,21281.0,6998106.73954,,,
Syndicate,SYNX,0.357742,157375.0,6987291.5343,,,
Sequence,SEQ,0.153562,4295.6,6986861.22003,,,
Bounty0x,BNTY,0.0536396,54521.6,6887966.91325,,,
Eroscoin,ERO,0.0364648,90303.3,6809582.6112,,,
Pandacoin,PND,0.000208179,5251.08,6768922.88486,,,
Block Array,ARY,0.0986212,72624.3,6748721.52014,,,
PinkCoin,PINK,0.0175985,38929.2,6720985.05099,,,
Espers,ESP,0.000314322,7600.06,6709151.09138,,,
Change,CAG,0.180659,149080.0,6704235.04234,,,
Stealthcoin,XST,0.227899,9059.77,6480865.63092,,,
Hydro Protocol,HOT,0.0276732,25534.4,6477446.58043,,,
BLUE,BLUE,0.173747,14482.8,6367007.18401,,,
ClearPoll,POLL,0.907556,67299.4,6352883.832,,,
GET Protocol,GET,0.611705,13819.9,6352185.3655,,,
Bitcrystals,BCY,0.271633,6803.21,6297343.07092,,,
Circuits of V...,COVAL,0.00624042,11623.6,6240420.0,,,
Remme,REM,0.0103873,84195.4,6235453.70618,,,
HEAT,HEAT,0.186241,1624.34,6193998.70822,,,
Farad,FRD,0.0454611,97842.0,6147821.06051,,,
Curecoin,CURE,0.255808,32810.6,6103101.71107,,,
Pluton,PLU,7.07861,3374.95,6016814.9607,,,
AidCoin,AID,0.179984,74583.8,6002805.85382,,,
Insights Network,INSTAR,0.0478713,54435.0,5971303.8435,,,
Dotcoin,DOT,0.0203753,41258.5,5933480.92535,,,
Elixir,ELIX,0.187928,19915.8,5906935.16735,,,
Ethorse,HORSE,0.0579635,9030.72,5823047.9881,,,
Atmos,ATMS,0.0573487,910.792,5761114.42187,,,
Pirl,PIRL,0.474785,14800.2,5752160.81136,,,
Internet of P...,IOP,1.62965,244278.0,5745890.76302,,,
REBL,REBL,0.0338444,713365.0,5719036.88466,,,
Elite,1337,0.000215713,2228.29,5636457.45554,,,
BioCoin,BIO,0.00895962,5763.42,5552025.96036,,,
Sether,SETH,0.323625,118577.0,5549985.50572,,,
GeoCoin,GEO,1.74287,28805.3,5516757.56122,,,
Spectre.ai Ut...,SXUT,0.223292,1089820.0,5477253.95621,,,
OBITS,OBITS,0.347206,3497.73,5442315.14854,,,
BABB,BAX,0.000429635,94009.3,5432822.65135,,,
TrueFlip,TFL,0.867729,216929.0,5420934.74664,,,
eBitcoin,EBTC,0.284548,33796.1,5377139.40905,,,
Zilla,ZLA,0.139187,2714470.0,5354058.23175,,,
CargoX,CXO,0.0409587,102431.0,5286597.13414,,,
EventChain,EVC,0.168441,762.606,5263864.96518,,,
Bulwark,BWK,0.984907,86207.1,5217326.67409,,,
ArtByte,ABY,0.00652412,15837.5,5170608.12347,,,
Astro,ASTRO,1.50381,972.399,4983375.47442,,,
Opus,OPT,0.0354,25166.9,4958851.43097,,,
Denarius,DNR,1.92065,21655.3,4904372.77349,,,
FedoraCoin,TIPS,2.29143e-05,186895.0,4864015.37752,,,
LIFE,LIFE,0.00032353,105332.0,4849825.53747,,,
Voise,VOISE,0.00971787,545618.0,4848124.22649,,,
Primalbase Token,PBT,3861.65,543853.0,4827062.5,,,
NuBits,USNBT,0.463082,2516270.0,4822952.04464,,,
Uniform Fisca...,UFO,0.00134287,2192.98,4811519.1727,,,
Bitmark,BTM,0.556926,107527.0,4768032.84084,,,
Polis,POLIS,3.2608,42765.4,4767931.9776,,,
Kore,KORE,2.3444,90065.3,4741466.68102,,,
Gatcoin,GAT,0.0089095,12225.5,4720800.57693,,,
RefToken,REF,6.33488,476172.0,4639851.70136,,,
adbank,ADB,0.0119756,14708.3,4628026.42491,,,
DAO.Casino,BET,0.0273843,1017.92,4580594.33496,,,
Neutron,NTRN,0.130733,3211.78,4537046.27419,,,
BlockCAT,CAT,0.614269,8433.83,4521094.23525,,,
Breakout Stake,BRX,0.716676,10797.1,4492184.28949,,,
Playkey,PKT,0.328836,280908.0,4482532.01858,,,
Qwark,QWARK,0.0846807,57106.0,4476183.12459,,,
Greencoin,GRE,0.00114336,2104.12,4475445.63389,,,
ExclusiveCoin,EXCL,0.988672,88570.6,4463122.46272,,,
Pareto Network,PARETO,0.020287,18611.2,4354156.87128,,,
Synergy,SNRG,1.23367,1198.86,4349750.72256,,,
Flixxo,FLIXX,0.0563135,399094.0,4345251.14241,,,
Pesetacoin,PTC,0.0325364,10682.3,4336905.41839,,,
Payfair,PFR,0.0486715,22228.0,4331748.26769,,,
Terracoin,TRC,0.190054,4190.41,4278693.44278,,,
HyperStake,HYP,0.00363841,1887.66,4276283.01012,,,
Bezop,BEZ,0.106112,23337.6,4258235.72301,,,
Bitcoin Plus,XBC,39.3192,143928.0,4229981.1967,,,
Global Curren...,GCR,0.0406022,11138.7,4220542.55011,,,
Memetic / Pep...,MEME,0.191122,88354.3,4190363.57246,,,
Sociall,SCL,0.2495,6424.6,4170147.90624,,,
vSlice,VSL,0.124552,909.842,4158853.06195,,,
Publica,PBL,0.222963,24900.7,4143306.379,,,
Hush,HUSH,1.15323,11395.0,4054482.78787,,,
GoldMint,MNTP,2.09636,31426.5,4014522.77639,,,
Graft,GRFT,0.0236978,23099.1,3975180.18578,,,
Leverj,LEV,0.0335031,45050.3,3956398.18492,,,
ZrCoin,ZRC,1.03808,34963.1,3952122.11968,,,
Experty,EXY,0.145425,16233.7,3939323.60413,,,
BitcoinZ,BTCZ,0.00275681,11902.3,3931245.95404,,,
Iungo,ING,0.0977491,12033.1,3909964.0,,,
HollyWoodCoin,HWC,4.01781,107127.0,3823367.48634,,,
XGOX,XGOX,0.00212812,80072.2,3817988.22639,,,
1World,1WO,0.30451,149386.0,3814087.0903,,,
Devery,EVE,0.0598076,26450.9,3762999.09792,,,
Mercury Protocol,GMT,0.0218162,986.621,3748233.13704,,,
Education Eco...,LEDU,0.0172092,175342.0,3747989.19989,,,
LOCIcoin,LOCI,0.102029,3374.71,3725906.25432,,,
Vezt,VZT,0.085917,1641.43,3719107.90999,,,
VeriumReserve,VRM,2.38002,22973.3,3694288.17374,,,
Smartlands,SLT,0.72203,2700.14,3682999.68617,,,
Breakout,BRK,0.196181,22388.0,3675035.33916,,,
Tracto,TRCT,0.186306,20287.0,3657766.14239,,,
LuckChain,BASH,0.00506188,2149.0,3623639.42446,,,
Nework,NKC,0.0352101,4010220.0,3623322.55589,,,
Dovu,DOVU,0.0565784,18821.0,3609320.0353,,,
Internxt,INXT,5.71834,21323.3,3600321.43412,,,
Masternodecoin,MTNC,0.0722783,2176.6,3597546.20547,,,
DNotes,NOTE,0.0269195,9036.88,3580875.08908,,,
Blockpool,BPL,0.159249,562.964,3550279.68879,,,
Sumokoin,SUMO,1.25306,15795.8,3542477.62054,,,
Bela,BELA,0.0865456,36459.6,3524545.75996,,,
Riecoin,RIC,0.0829423,15830.7,3512133.63388,,,
LatiumX,LATX,0.0474256,40230.7,3506964.84758,,,
JET8,J8T,0.013071,11386.4,3477289.52239,,,
Hawala.Today,HAT,2.32629,13896.6,3476949.80157,,,
Bitcloud,BTDX,0.16725,2402.52,3434699.9971,,,
HEROcoin,PLAY,0.0288178,84608.2,3430967.99979,,,
Lampix,PIX,0.0252906,20778.3,3422375.00314,,,
Travelflex,TRF,0.0446735,7294.01,3416061.44648,,,
Cryptopay,CPAY,0.0502046,1278.23,3383100.83125,,,
GoldCoin,GLD,0.0826026,13257.9,3379618.96651,,,
CryptoPing,PING,0.339046,124342.0,3374215.96709,,,
Obsidian,ODN,0.134514,9927.94,3362850.0,,,
AdShares,ADST,0.172994,6173.15,3352468.54438,,,
MCAP,MCAP,0.319064,222801.0,3346981.36,,,
EuropeCoin,ERC,0.331769,3022.24,3332613.3046,,,
Bonpay,BON,0.294679,111666.0,3327014.62606,,,
2GIVE,2GIVE,0.00639951,17996.3,3323685.48436,,,
Dether,DTH,0.0456406,5680.05,3308943.5,,,
vTorrent,VTR,0.286427,13561.6,3297238.1433,,,
Autonio,NIO,0.0493932,8419.09,3251462.23768,,,
CampusCoin,CMPCO,0.00873088,95516.3,3246822.61057,,,
Sprouts,SPRTS,6.89894e-07,7297.3,3242720.43143,,,
Monoeci,XMCC,1.02868,12852.7,3217409.9697,,,
Karbo,KRB,0.567104,15042.2,3159399.72274,,,
Upfiring,UFR,0.196131,16991.8,3154767.13614,,,
FLiK,FLIK,0.051979,7403.79,3125168.87541,,,
Monkey Project,MONK,3.65704,19240.9,3111729.07348,,,
BuzzCoin,BUZZ,0.000162747,659.656,3092089.99216,,,
Tokenbox,TBX,0.276274,4473.95,3064130.85906,,,
Zeitcoin,ZEIT,8.19547e-05,10389.6,3029962.8723,,,
Magnet,MAG,0.139102,20062.9,2997432.32359,,,
Aigang,AIX,0.154664,28998.2,2988296.248,,,
CannabisCoin,CANN,0.0386183,23082.1,2982536.70607,,,
Sharpe Platfo...,SHP,0.18356,3523.89,2979205.1654,,,
ShareX,SEXC,0.00638968,176718.0,2974974.17899,,,
NobleCoin,NOBL,0.00126388,4676.42,2937174.8749,,,
TrezarCoin,TZC,0.0305679,5543.92,2925916.59294,,,
Crave,CRAVE,0.198587,5794.45,2922386.45606,,,
Quark,QRK,0.0114432,847.961,2916534.3214,,,
COPYTRACK,CPY,0.127994,9649.75,2859627.45775,,,
Regalcoin,REC,0.222961,5319.52,2853679.94663,,,
Altcoin,ALT,22.7184,978.976,2798345.01953,,,
Verify,CRED,0.223947,12095.6,2783724.36305,,,
Blitzcash,BLITZ,0.671358,21380.2,2777165.69612,,,
AudioCoin,ADC,0.00310992,1815.86,2681829.14929,,,
HunterCoin,HUC,0.121728,2042.69,2673980.7168,,,
Jiyo,JIYO,0.147241,46809.9,2665055.07629,,,
Sharechain,SSS,0.00118489,5131.68,2658921.0772,,,
EXRNchain,EXRN,2.82976e-05,7615.06,2617528.0,,,
Zephyr,ZEPH,0.0207617,3927.61,2615777.69842,,,
Zero,ZER,0.964263,19086.8,2588872.58766,,,
FORCE,FOR,0.0215649,730.641,2584492.58909,,,
Creditbit,CRB,0.155886,30276.1,2581602.74277,,,
BunnyCoin,BUN,2.50727e-05,2854.8,2579408.91289,,,
Prospectors Gold,PGL,0.0399703,1081.12,2578084.35,,,
REX,REX,0.290785,501.586,2518417.93346,,,
PiplCoin,PIPL,0.0299263,889.68,2497177.90033,,,
Innova,INN,1.03038,15156.8,2492625.23236,,,
TeslaCoin,TES,0.0327819,699.778,2451267.33481,,,
MyWish,WISH,0.12932,12166.2,2434456.96064,,,
BlueCoin,BLU,0.00421108,1609.63,2420038.93016,,,
eBoost,EBST,0.120622,23543.0,2412440.0,,,
Privatix,PRIX,2.03613,2407.72,2408065.34811,,,
ATLANT,ATL,0.18176,35644.2,2403780.7825,,,
EverGreenCoin,EGC,0.180404,19249.2,2403215.90759,,,
Bitswift,SWIFT,0.612509,10418.6,2379373.74303,,,
LiteDoge,LDOGE,0.000156922,1838.87,2349313.24208,,,
SpreadCoin,SPR,0.239753,30085.9,2347466.7094,,,
ChainCoin,CHC,0.156326,3109.63,2333957.65615,,,
Kzcash,KZC,2.82337,20669.0,2297059.38689,,,
SagaCoin,SAGA,1.19681,25285.2,2277950.75972,,,
e-Gulden,EFL,0.137469,6837.99,2277851.5697,,,
Sexcoin,SXC,0.0178777,639.733,2260778.43122,,,
Rupaya,RUPX,0.157093,16068.8,2216792.12904,,,
Yocoin,YOC,0.0195865,14123.2,2193821.19363,,,
DigiPulse,DGPT,1.53277,3609.08,2149926.64335,,,
Vsync,VSX,0.0132731,4680.64,2131119.55902,,,
MicroMoney,AMM,0.209264,218931.0,2111546.21995,,,
GCN Coin,GCN,1.37204e-05,4200.02,2109644.72508,,,
PutinCoin,PUT,0.00524308,5514.57,2105126.05543,,,
IncaKoin,NKA,0.000152212,898.263,2089848.9934,,,
TrustPlus,TRUST,0.064142,9531.11,2058098.39341,,,
Creativecoin,CREA,0.146124,2748.26,2030763.46658,,,
Qvolta,QVT,0.290939,62677.2,2019164.09469,,,
Linx,LINX,0.0988379,14336.1,2008403.91882,,,
Indorse Token,IND,0.0430626,117884.0,2002763.6544,,,
Condensate,RAIN,0.0127258,1786.13,1999966.98433,,,
BitWhite,BTW,0.0550569,8276.23,1999962.33614,,,
Global Jobcoin,GJC,0.14605,545.125,1964371.73417,,,
Rupee,RUP,0.0854889,12728.4,1959102.10241,,,
InflationCoin,IFLT,4.69914e-05,981.34,1958866.45248,,,
Bitzeny,ZNY,0.0258711,2815.85,1956230.29095,,,
Coinlancer,CL,0.027339,63354.4,1931959.07108,,,
Magi,XMG,0.243477,27021.3,1893835.88865,,,
Social Send,SEND,0.0587545,3148.54,1884536.13957,,,
FlypMe,FYP,0.10269,544.281,1811316.15189,,,
Jesus Coin,JC,0.000109272,3012.34,1793985.49757,,,
LendConnect,LCT,0.814726,74438.2,1760670.809,,,
IntenseCoin,ITNS,0.00433235,1876.54,1750801.29984,,,
Tidex Token,TDX,0.183755,105273.0,1745672.40077,,,
Footy Cash,XFT,0.377979,2394.77,1739497.53388,,,
Ethbits,ETBS,1.23415,6112.61,1717447.59552,,,
EquiTrader,EQT,0.165208,6422.04,1717025.17738,,,
Ellaism,ELLA,0.270858,7776.4,1708687.80187,,,
AurumCoin,AU,5.49275,1596.87,1635981.71887,,,
ProCurrency,PROC,0.0166705,20070.2,1625740.26387,,,
Speed Mining ...,SMS,15.4599,4468.39,1618343.67701,,,
Wild Crypto,WILD,0.06496,4333.9,1583299.73378,,,
SkinCoin,SKIN,0.0178522,120707.0,1574269.17521,,,
STRAKS,STAK,0.561244,3856.38,1572287.4628,,,
Global Crypto...,GCC,0.00260676,13131.9,1565641.151,,,
Oceanlab,OCL,0.0328808,588.982,1528957.2,,,
Pylon Network,PYLNT,4.38457,37477.0,1506320.76569,,,
DraftCoin,DFT,0.192346,167568.0,1484411.97328,,,
UnbreakableCoin,UNB,0.640361,161235.0,1458838.41215,,,
Miners' Rewar...,MRT,0.144993,23232.6,1449930.0,,,
Ignition,IC,3.28548,6916.04,1410358.38942,,,
Interstellar ...,HOLD,0.00639758,6833.82,1387643.46293,,,
DigitalPrice,DP,0.0719125,3975.13,1372861.68965,,,
Adzcoin,ADZ,0.0311108,2056.69,1354101.15265,,,
onG.social,ONG,0.0986821,6648.63,1348168.74681,,,
MAZA,MZC,0.00126388,7589.63,1333829.79234,,,
Embers,MBRS,0.0266205,3510.28,1331025.0,,,
ArcticCoin,ARC,0.0534875,7158.17,1319656.79056,,,
CrowdCoin,CRC,0.947492,46276.9,1316350.6356,,,
ELTCOIN,ELTCOIN,0.0145425,3341.72,1308825.0,,,
VIVO,VIVO,0.833697,7059.73,1295231.6592,,,
Chronologic,DAY,2.00501,1544.02,1290569.26013,,,
bitJob,STU,0.0267976,708958.0,1287463.64772,,,
Unitus,UIS,0.0274894,619.03,1286115.39243,,,
GanjaCoin,MRJA,0.09645,7171.21,1268437.27243,,,
BiblePay,BBP,0.00244877,2187.3,1261172.02509,,,
Capricoin,CPC,0.623755,141562.0,1241300.51897,,,
Sense,SENSE,0.0098554,10902.3,1230429.29384,,,
Pure,PURE,0.336035,3599.22,1207589.10034,,,
PlusCoin,PLC,0.000232747,6822.3,1203842.80652,,,
Accelerator N...,ACC,3.78817,1788.59,1195000.8082,,,
Woodcoin,LOG,0.145425,4557.11,1168517.94982,,,
42-coin,42,27620.4,589.262,1160055.98686,,,
Argentum,ARG,0.124322,4560.67,1144891.67204,,,
Photon,PHO,5.12153e-05,1595.45,1132516.37212,,,
FundYourselfNow,FYN,1.2364,1087.62,1118170.45095,,,
Commodity Ad ...,CDX,0.0341553,2900.25,1111755.015,,,
Ace,ACE,0.276099,355916.0,1087999.86088,,,
PopularCoin,POP,0.000315742,983.058,1083169.67796,,,
Canada eCoin,CDN,0.0108751,1251.55,1059403.78496,,,
Sovereign Hero,HERO,221.317,4341.63,1056346.041,,,
PlatinumBAR,XPTX,1.53086,17240.7,1054831.12123,,,
Moin,MOIN,0.139949,2742.18,1050157.63322,,,
DeusCoin,DEUS,0.0947122,899.491,1049395.78066,,,
MagicCoin,MAGE,0.142266,612.098,1044512.19175,,,
FlutterCoin,FLT,0.00236978,505.695,1034292.16636,,,
Unify,UNIFY,0.0572921,628.677,1023284.50141,,,
Tigereum,TIG,0.170064,18317.1,1000960.9987,,,
Skeincoin,SKC,0.075596,617.508,1000365.80405,,,
NetCoin,NET,0.00126388,64174.0,994833.708196,,,
Dinastycoin,DCY,0.000631941,3519.19,966258.485873,,,
Kolion,KLN,1.36896,13445.5,958989.33504,,,
MaxCoin,MAX,0.0155487,584.612,955402.388204,,,
NEVERDIE,NDC,0.0232767,914.595,954442.46214,,,
PetroDollar,XPD,0.0146383,6831.02,936752.755782,,,
InsaneCoin,INSN,0.0494012,505.881,918799.843328,,,
Hexx,HXX,0.578432,5904.31,903286.833061,,,
DRP Utility,DRPU,0.245936,7932.87,868245.747725,,,
Bytecent,BYC,0.42111,12527.0,866209.092125,,,
BritCoin,BRIT,0.0399478,978.385,849613.4917,,,
ArbitrageCT,ARCT,0.00972222,4944.45,835674.508989,,,
WandX,WAND,0.0681446,2424.36,834371.679543,,,
Bitdeal,BDL,0.0047502,2845.24,834058.133509,,,
FujiCoin,FJC,0.000631566,2023.51,827946.872004,,,
Authorship,ATS,0.0103135,2527.73,825080.0,,,
Shekel,JEW,0.00940837,1454.28,819393.843372,,,
Guncoin,GUN,0.00387064,557.046,800003.336778,,,
Zennies,ZENI,0.000789926,2409.77,790568.079934,,,
Fantomcoin,FCN,0.11059,879.11,783682.305937,,,
Legends Room,LGD,0.389006,18752.1,778012.0,,,
Cream,CRM,0.0169265,1487.61,763016.281584,,,
Startcoin,START,0.016516,56492.7,744537.72906,,,
EthBet,EBET,0.0867171,520.668,737407.53156,,,
Megacoin,MEC,0.0198974,956.83,735368.233421,,,
Equal,EQL,0.0022748,3023.7,728160.479964,,,
Kubera Coin,KBR,0.00632731,25897.9,723991.652359,,,
DFSCoin,DFS,0.0415597,5465.24,722909.438319,,,
Trollcoin,TROLL,0.0012635,1959.91,721924.128811,,,
Ethereum Cash,ECASH,0.0505553,831.405,712829.73,,,
CryptoCarbon,CCRB,0.195302,1809.2,695687.402522,,,
EtherSportz,ESZ,0.139705,1047.85,694941.181607,,,
Soma,SCT,0.166122,601.848,694846.801437,,,
MACRON,MCRN,0.00171865,5468.84,689902.890287,,,
TittieCoin,TTC,0.000543519,581.621,684734.168391,,,
Jetcoin,JET,0.0999878,2382.78,682286.876249,,,
NuShares,NSR,0.000243396,5016.69,676056.913607,,,
Intelligent T...,ITT,0.06828,785.793,669137.113569,,,
Deutsche eMark,DEM,0.0184402,995.98,667791.280712,,,
Digitalcoin,DGC,0.0232358,503.001,663252.279579,,,
ERC20,ERC20,0.000420891,37620.2,662794.37989,,,
PeepCoin,PCN,5.83211e-05,23398.2,652595.877254,,,
Suretly,SUR,2.93988,2252.14,651150.795007,,,
RouletteToken,RLT,0.0619297,27762.2,632753.657141,,,
LeviarCoin,XLC,0.0559268,901.963,625252.306275,,,
Bata,BTA,0.121009,1599.94,606034.116694,,,
Elementrem,ELE,0.0229079,1127.27,596786.397456,,,
Machinecoin,MAC,0.0276568,1229.62,578838.84708,,,
BlazeCoin,BLZ,0.000947912,1348.22,576858.855987,,,
ParkByte,PKB,0.11928,26150.7,568253.061211,,,
Emphy,EPY,0.0730249,822.363,559874.453918,,,
MojoCoin,MOJO,0.0452894,4466.44,551807.227124,,,
Elcoin,EL,0.0486835,1772.69,545691.744944,,,
Happycoin,HPC,0.0388575,34189.3,543519.004013,,,
Phoenixcoin,PXC,0.00829423,5404.13,540425.176233,,,
GoldBlocks,GB,0.0345125,555.143,534535.358968,,,
Bitair,BTCA,0.000743519,4862.92,520463.3,,,
WhaleCoin,WHL,0.064937,70215.3,517362.754613,,,
CarTaxi Token,CTX,0.0123254,4472.98,492130.346058,,,
Bit20,BTWTY,479421.0,642.811,487091.736,,,
OP Coin,OPC,0.00339673,27760.1,484958.24989,,,
Manna,MANNA,0.010901,917.247,476080.167255,,,
GlassCoin,GLS,0.157985,2308.22,448160.065125,,,
BitBar,BTB,12.1266,875.272,445321.205449,,,
Cryptonite,XCN,0.0011059,3998.11,445268.013427,,,
Copico,XCPO,0.0269953,797.786,425086.034357,,,
Minereum,MNE,0.168972,2448.81,419814.241201,,,
Cryptojacks,CJ,0.00102892,3910.09,418326.544268,,,
PureVidz,VIDZ,0.00330187,546.007,413657.529048,,,
Opal,OPAL,0.0267803,1477.53,405629.357623,,,
Billionaire T...,XBL,0.121472,744.648,397003.735027,,,
Mao Zedong,MAO,0.0620092,675.347,387577.18241,,,
Ethereum Gold,ETG,0.0318442,1931.72,382130.4,,,
eBitcoinCash,EBCH,0.0410509,4468.97,381178.13195,,,
PostCoin,POST,0.0232875,1887.87,369531.468936,,,
Aerium,AERM,0.00375641,7102.17,361271.84737,,,
Qbic,QBIC,0.370787,6674.93,360605.111507,,,
Sugar Exchange,SGR,0.101316,8979.0,354606.0,,,
DROXNE,DRXNE,0.00505553,1460.72,351805.423826,,,
Speedcash,SCS,0.817714,3774.57,350060.910258,,,
Marscoin,MARS,0.0123229,728.315,348480.200995,,,
Bitcoin Red,BTCRED,0.016766,888.145,344541.316749,,,
iEthereum,IETH,0.0191371,597.572,344123.3322,,,
Independent M...,IMS,0.0637959,707.324,342515.95088,,,
Litecoin Plus,LCP,0.281688,2284.63,340052.798985,,,
TEKcoin,TEK,0.000236978,4169.31,335099.821879,,,
Coin(O),CNO,0.00315971,1629.76,332598.207519,,,
DigitalDevelo...,DDF,0.0638435,1428.22,326770.632954,,,
TOKYO,TOKC,0.00250379,1320.11,326409.538681,,,
Galactrum,ORE,0.371688,4954.09,325986.100173,,,
Garlicoin,GRLC,0.0470106,5028.41,324786.356627,,,
DaxxCoin,DAXX,0.000631941,740.101,324327.86917,,,
Fujinto,NTO,0.00471394,1302.08,310188.791887,,,
Onix,ONX,0.0108218,15003.3,296872.426545,,,
Pakcoin,PAK,0.00564646,888.018,290227.479354,,,
Golfcoin,GOLF,0.000236978,18074.9,288160.749955,,,
HiCoin,XHI,0.00151639,7065.06,287704.659663,,,
Blakecoin,BLC,0.0186528,622.062,282080.645218,,,
Octanox,OTX,0.0329708,818.716,280251.832971,,,
Steneum Coin,STN,0.110341,8927.21,278462.497596,,,
Tokugawa,TOK,0.285084,15044.2,277741.37659,,,
Quebecoin,QBC,0.0176944,801.507,275834.038054,,,
bitGold,BITGOLD,1402.16,502.216,265696.70056,,,
Nekonium,NUKO,0.0225129,773.016,262699.975775,,,
CoinonatX,XCXT,0.0141753,2674.02,261833.363665,,,
AdCoin,ACC,0.0438205,1737.77,260934.863851,,,
Abjcoin,ABJ,0.0315179,2313.51,260501.338581,,,
8Bit,8BIT,0.17226,1675.89,252850.253828,,,
SACoin,SAC,0.0355467,580.656,249445.225987,,,
AquariusCoin,ARCO,0.141749,675.233,234805.560767,,,
Ethereum Dark,ETHD,0.154738,2846.22,232107.0,,,
Cashcoin,CASH,0.00481855,1150.18,229728.733246,,,
CryptoInsight,TKR,0.0182562,712.86,228745.566235,,,
Crystal Clear,CCT,0.0442893,1308.81,226898.462668,,,
FUNCoin,FUNC,0.0386979,2357.03,226327.818519,,,
808Coin,808,5.40141e-05,1683.8,214878.2363,,,
VapersCoin,VPRC,0.000265383,47825.0,207031.903321,,,
Helleniccoin,HNC,0.0030029,968.769,198429.772041,,,
Zlancer,ZCG,0.0988105,728.254,198373.441957,,,
High Voltage,HVCO,0.132324,7775.97,197714.646408,,,
LeaCoin,LEA,0.000553204,529.672,191402.109013,,,
300 Token,300,628.511,593.067,188553.3,,,
ZoZoCoin,ZZC,0.309572,1902.51,182879.959624,,,
Cabbage,CAB,0.0171414,2827.36,179984.629892,,,
EcoCoin,ECO,0.150422,820.433,174105.862769,,,
StrongHands,SHND,3.2389e-07,16335.3,174092.744999,,,
Bankcoin,B@,0.0167254,505.494,172134.158286,,,
HomeBlockCoin,HBC,0.0339116,3839.09,169558.0,,,
YENTEN,YTN,0.0332369,676.307,168852.67558,,,
Theresa May Coin,MAY,0.00432807,1057.42,161914.829928,,,
Desire,DSR,0.159253,3824.28,161265.480161,,,
Pioneer Coin,PCOIN,0.0616143,3046.45,161264.503791,,,
GlobalBoost-Y,BSTY,0.0115165,2214.9,161148.8299,,,
BriaCoin,BRIA,0.2109,890.808,151868.259304,,,
MustangCoin,MST,0.21762,1090.18,137175.296687,,,
Prime-XI,PXI,0.00686636,603.179,135163.678277,,,
Influxcoin,INFX,0.0790716,739.855,132317.105213,,,
TajCoin,TAJ,0.0141168,674.686,124596.967735,,,
EOT Token,EOT,0.00493321,3542.86,122021.026357,,,
Digital Rupees,DRS,0.000236978,622.825,121049.064078,,,
Virta Unique ...,VUC,0.00194204,989.061,120056.670045,,,
LiteBitcoin,LBTC,0.00391204,1370.32,113215.74019,,,
HempCoin,HMP,7.89926e-05,589.626,107164.952953,,,
Trident Group,TRDT,0.10209,900.263,95507.64516,,,
Eryllium,ERY,0.0163308,538.241,91718.9179486,,,
Comet,CMT,0.0969889,784.448,84654.821587,,,
Master Swiscoin,MSCN,0.0017174,2113.75,77529.1383008,,,
Coinonat,CXT,0.00895139,505.738,77189.626248,,,
Madcoin,MDC,0.0409442,949.28,74502.5412569,,,
BitAsean,BAS,0.0141486,3871.4,70743.0,,,
EagleCoin,EAGLE,0.028424,3587.68,59503.3863649,,,
Cannation,CNNC,0.0238643,5717.21,59109.3109195,,,
QuazarCoin,QCN,0.00789926,701.686,54894.0121255,,,
Useless Ether...,UET,0.012323,5092.46,48869.5194751,,,
LiteCoin Ultra,LTCU,0.0437802,1099.0,44743.3644025,,,
Royal Kingdom...,RKC,0.0161769,42090.3,43677.63,,,
ExchangeN,EXN,0.00789926,861.731,40286.226,,,
WomenCoin,WOMEN,0.000868919,32318.7,38423.9459985,,,
Save and Gain,SANDG,0.012402,3634.83,38009.6500837,,,
JobsCoin,JOBS,0.000315971,837.464,33499.0146664,,,
Veros,VRS,5.65327e-05,675.21,27509.3228756,,,
GBCGoldCoin,GBC,0.00222007,1034.46,25224.0284251,,,
PRCoin,PRC,0.00126388,4677.66,24558.45228,,,
Project-X,NANOX,213873.0,23167.0,16738.556472,,,
Coupecoin,COUPE,5.49769e-05,605.012,12000.438133,,,
CrevaCoin,CREVA,0.000240442,1214.3,8749.8647115,,,
Coimatic 2.0,CTIC2,0.000637341,675.964,8624.97641775,,,
FuturXe,FXE,0.0280773,2149.05,6609.98885103,,,
Magnum,MGM,0.00134287,3582.46,5591.66552566,,,
HarmonyCoin,HMC,0.0060964,5913.13,3421.51325161,,,
Digital Money...,DMB,0.00379165,1246.26,1597.422145,,,
POLY AI,AI,0.000315722,826.114,720.471629295,,,
Cobinhood,COB,0.0779854,478.036,27973023.9001,,,
Credo,CREDO,0.0241717,432.671,13291817.2748,,,
Maecenas,ART,0.379165,279.792,11431881.6807,,,
KiloCoin,KLC,0.0568747,242.665,11164388.2118,,,
AsiaCoin,AC,0.00600344,313.692,8370750.22575,,,
Ecobit,ECOB,0.0165953,27.9501,7375688.88815,,,
Starbase,STAR,0.0387713,119.738,7269618.75,,,
Hedge,HDG,1.66968,273.601,6193969.05201,,,
Vcash,XVC,0.336033,None,5177054.76334,,,
APX,APX,7.25058,344.807,5098455.59382,,,
DCORP,DRP,0.605163,129.501,4898190.81675,,,
Unity Ingot,UNY,0.0236978,143.839,4786955.6,,,
RussiaCoin,RC,0.556345,316.187,4660987.7224,,,
Xenon,XNN,0.0154539,77.1782,4636170.0,,,
Starta,STA,0.80744,337.236,4198701.72648,,,
Virtacoin,VTA,0.00067723,0.843821,3522483.24797,,,
EncryptoTel [...,ETT,0.0434229,105.508,2697916.43288,,,
Goodomy,GOOD,0.00581252,69.2293,2658356.022,,,
Ixcoin,IXC,0.123541,223.628,2594248.33048,,,
Carboncoin,CARBON,0.000164534,161.437,2532510.40147,,,
Ergo,EFYT,5.86455,0.00497508,2329985.715,,,
Giga Watt Token,WTT,0.776514,None,2251890.6,,,
Bowhead,AHT,0.272288,13.1087,2178304.0,,,
MarteXcoin,MXT,0.717624,434.915,2100191.6467,,,
REAL,REAL,0.205505,408.135,2066520.67258,,,
LeafCoin,LEAF,7.89926e-05,149.251,1665187.44905,,,
BitBoost,BBT,0.122439,24.6389,1585997.49658,,,
YashCoin,YASH,0.158222,32.7994,1582268.33494,,,
Triaconta,TRIA,5.48479,0.0,1513806.44264,,,
Bullion,CBX,1.46939,8.38096,1486078.87436,,,
Version,V,0.00277128,162.178,1353681.78089,,,
SmileyCoin,SMLY,5.19658e-05,221.812,1349045.15945,,,
Orbitcoin,ORB,0.422453,153.111,1340685.55253,,,
Growers Inter...,GRWI,1.12659,133.214,1329848.29418,,,
Universe,UNI,0.0685899,17.062,1302038.72777,,,
WorldCoin,WDC,0.0107464,205.836,1275190.37747,,,
Darcrus,DAR,0.0921573,4.72637,1253375.04348,,,
ICO OpenLedger,ICOO,2.59366,0.0328954,1208519.9921,,,
Zetacoin,ZET,0.00718203,429.84,1205133.32772,,,
StarCredits,STRC,0.265099,95.9383,1192945.5,,,
InPay,INPAY,0.111538,82.0133,1115380.0,,,
FuckToken,FUCK,0.0186267,0.0,1083035.76774,,,
KekCoin,KEK,0.100242,20.0483,1061839.6484,,,
Bitpark Coin,BPC,0.0137447,4.47904,1030852.5,,,
Anoncoin,ANC,0.474035,303.506,1000364.05368,,,
Project Decorum,PDC,0.0198759,None,993795.0,,,
Shorty,SHORTY,0.00989458,None,989458.001291,,,
BitTokens,BXT,1.64388,178.016,956171.0214,,,
Renos,RNS,0.0284373,432.014,948556.762988,,,
ShadowCash,SDC,0.137052,30.1755,917581.403436,,,
HitCoin,HTC,7.89926e-05,16.5885,868627.757067,,,
Fastcoin,FST,0.00552948,79.1361,867649.637427,,,
Etheriya,RIYA,0.521509,473.562,824782.650279,,,
Ultimate Secu...,USC,0.0790716,9.05169,817846.494318,,,
Piggycoin,PIGGY,0.0015809,229.532,773884.681991,,,
HoboNickels,HBN,0.0120069,46.417,770259.504694,,,
MetalCoin,METAL,0.00995307,3.54653,765645.159577,,,
WavesGo,WGO,0.0804595,322.003,764150.423135,,,
UniCoin,UNIC,0.255146,8.93012,763759.872048,,,
Bitradio,BRO,0.122049,360.485,762004.068585,,,
Kobocoin,KOBO,0.0301543,164.248,744818.678751,,,
HOdlcoin,HODL,0.00442359,230.1,726985.719601,,,
Monster Byte,MBI,0.0428785,49.7154,721333.685576,,,
I0Coin,I0C,0.0339668,58.2439,712957.583736,,,
Bitstar,BITS,0.0302542,0.826421,698258.970847,,,
Rustbits,RUSTBITS,0.0182187,None,643135.893602,,,
FuelCoin,FC2,0.00573079,None,582762.873251,,,
GAIA,GAIA,0.0240928,27.4893,580669.762968,,,
DigiCube,CUBE,0.000236978,431.84,575649.423402,,,
Triangles,TRI,5.31629,0.0,573901.802586,,,
QubitCoin,Q2C,0.00229079,74.9961,569396.933432,,,
LanaCoin,LANA,0.000630928,215.632,557809.34572,,,
BTCtalkcoin,TALK,0.00829423,1.24603,541535.541323,,,
Phantomx,PNX,0.0343083,407.091,531953.15053,,,
Scorecoin,SCORE,0.0126369,337.393,527432.61375,,,
FIMKrypto,FIMK,0.000868919,68.9648,501370.275668,,,
Bitcoin Scrypt,BTCS,0.0293063,244.593,496016.087746,,,
Valorbit,VAL,7.89926e-05,16.5885,483038.071533,,,
Netko,NETKO,0.0943051,268.108,478210.788539,,,
TrumpCoin,TRUMP,0.0719351,411.755,474673.433017,,,
Nyancoin,NYAN,0.00147332,32.4339,469884.917686,,,
iTicoin,ITI,14.429,129.821,461728.0,,,
SmartCoin,SMC,0.0189705,190.543,458686.52433,,,
Flycoin,FLY,2.15547,None,454385.047354,,,
UltraCoin,UTC,0.00979509,108.917,451014.089774,,,
AmberCoin,AMBER,0.0100321,2.7442,438397.5614,,,
WayGuide,WAY,0.00434459,1.66682,434635.861446,,,
bitSilver,BITSILVER,19.2824,341.504,420005.38032,,,
Halcyon,HAL,0.0738581,136.331,419635.989934,,,
Joulecoin,XJO,0.0116963,280.437,413478.888092,,,
Rimbit,RBT,0.00209228,409.538,413394.879541,,,
Aricoin,ARI,0.00173784,103.339,403930.461043,,,
SwagBucks,BUCKS,1.0567,109.376,400588.627581,,,
Grimcoin,GRIM,0.00434459,25.374,398140.928368,,,
Motocoin,MOTO,0.0204879,30.7887,397673.306226,,,
Centurion,CNT,0.00537248,345.237,396907.371378,,,
SuperCoin,SUPER,0.00814308,469.337,394211.36832,,,
Tattoocoin (S...,TSE,0.00434459,63.5454,392845.892403,,,
Bitcurrency,BTCR,0.00229079,5.77792,388514.813871,,,
Bitgem,BTG,6.3533,399.644,384103.565833,,,
bitBTC,BITBTC,9123.85,49.4507,383432.533405,,,
KushCoin,KUSH,0.0683261,54.0531,376532.540175,,,
Visio,VISIO,0.00725666,172.816,370063.751516,,,
Kurrent,KURT,0.00600344,244.819,368399.973557,,,
Eternity,ENT,0.0880768,447.093,366949.567319,,,
Sterlingcoin,SLG,0.086356,57.9248,364939.752146,,,
BlockPay,BLOCKPAY,0.0636962,0.000625111,345762.08246,,,
Link Platform,LNK,19.7482,441.569,324171.837532,,,
Bitz,BITZ,0.160428,None,319394.63106,,,
SatoshiMadness,MAD,0.000157985,18.1683,316077.980386,,,
Signatum,SIGT,0.00292273,118.378,315575.241366,,,
Prototanium,PR,1.60229,117.641,314934.341463,,,
GoldReserve,XGR,0.0182473,13.1512,313331.359863,,,
Truckcoin,TRK,0.00173784,457.318,309117.487376,,,
SecureCoin,SRC,0.0362629,202.478,308496.321273,,,
TagCoin,TAG,0.0474462,185.79,304814.467305,,,
Dashcoin,DSH,0.0170624,192.252,299871.174676,,,
Newbium,NEWB,0.00598484,405.022,299242.0,,,
ChessCoin,CHESS,0.00552948,11.0787,298773.113607,,,
Gapcoin,GAP,0.0226709,4.02058,289963.684528,,,
Titcoin,TIT,0.00576646,340.47,287735.98677,,,
Bitcoin Fast,BCF,0.0276474,354.197,286879.521362,,,
CryptoForecast,CFT,0.00616143,100.94,283425.78,,,
PayCoin,XPY,0.023856,6.29016,283320.739456,,,
Tigercoin,TGC,0.0064774,50.6303,282005.268033,,,
PX,PX,0.00276474,4.14711,271887.78706,,,
iCoin,ICN,0.00892617,3.17614,263603.691452,,,
Chronos,CRX,0.00351213,44.9247,258949.211128,,,
CannaCoin,CCN,0.0548999,229.61,258106.064787,,,
Datacoin,DTC,0.00829423,26.2449,254468.680266,,,
Bolivarcoin,BOLI,0.0264277,453.167,254197.475188,,,
Freicoin,FRC,0.00829423,118.152,253390.560646,,,
BigUp,BIGUP,0.000118342,216.473,252964.603479,,,
NevaCoin,NEVA,0.0911822,440.887,250287.388513,,,
Philosopher S...,PHS,0.0408392,48.3645,245620.852945,,,
VirtualCoin,VC,0.0241717,153.663,243270.917606,,,
Mineum,MNM,0.0257729,4.81051,243202.539156,,,
Ratecoin,XRA,0.0019753,282.078,241873.829287,,,
Evil Coin,EVIL,0.0114862,14.9429,241444.320755,,,
Cypher,CYP,0.0369686,308.419,235315.66304,,,
GlobalCoin,GLC,0.00347568,15.9888,226513.57595,,,
SproutsExtreme,SPEX,7.89926e-05,0.789926,226440.786385,,,
Emerald Crypto,EMD,0.0114539,15.079,218965.688129,,,
Atomic Coin,ATOM,0.0143767,292.926,216555.874015,,,
Kayicoin,KAYI,0.000760389,429.717,216213.357095,,,
Rubies,RBIES,0.020468,407.599,213179.375728,,,
RevolverCoin,XRE,0.00916315,79.6968,207469.91746,,,
RedCoin,RED,0.00276474,95.0851,204889.064387,,,
Xios,XIOS,0.0951861,251.327,204620.452155,,,
Global Tour Coin,GTC,0.00679337,327.036,203036.181333,,,
Advanced Inte...,AIB,0.00618956,59.7402,199516.25151,,,
SpaceCoin,SPACE,0.00903932,39.37,199115.067217,,,
LiteBar,LTB,0.220389,173.743,199071.973313,,,
Darsek,KED,0.0101111,355.516,193114.03754,,,
IrishCoin,IRL,0.0053715,129.067,189350.474379,,,
VoteCoin,VOT,0.0112959,186.537,186095.716537,,,
BERNcash,BERN,0.00260676,213.124,185690.725984,,,
GameUnits,UNITS,0.0532717,113.593,185011.68249,,,
Ammo Reloaded,AMMO,0.00236978,290.1,184316.220379,,,
Confido,CFD,0.0204013,44.8709,183611.7,,,
Dollarcoin,DLC,0.0201431,10.9485,183437.452334,,,
Dix Asset,DIX,1.82245e-06,375.146,182245.0,,,
Sativacoin,STV,0.0256819,102.287,182105.602904,,,
GlobalToken,GLT,0.0063359,255.309,177222.72608,,,
BumbaCoin,BUMBA,0.00776045,6.74393,176805.398499,,,
Virtacoinplus,XVP,0.0160335,223.851,175224.39754,,,
AmsterdamCoin,AMS,0.00347568,14.7488,174485.691707,,,
Zurcoin,ZUR,0.00197482,15.6726,173098.964604,,,
AllSafe,ASAFE2,0.0210628,5.95721,172721.493194,,,
Ccore,CCO,0.118354,344.045,171613.181646,,,
Pascal Lite,PASL,0.032624,87.2817,163840.9904,,,
C-Bit,XCT,0.00102875,292.095,162157.618906,,,
Jin Coin,JIN,0.0161042,0.0,160406.265952,,,
Shadow Token,SHDW,0.0225919,32.8907,158143.3,,,
BoostCoin,BOST,0.013319,0.0,157903.233593,,,
IslaCoin,ISL,0.104033,41.1018,157475.189237,,,
RonPaulCoin,RPC,0.17094,60.2046,155922.394795,,,
SecretCoin,SCRT,0.0364156,27.2558,153989.620048,,,
Swing,SWING,0.049112,176.093,153978.516,,,
ChanCoin,CHAN,0.0196505,45.7304,153675.057637,,,
Yacoin,YAC,0.00126388,1.06956,153301.631994,,,
Senderon,SDRN,0.00347568,170.095,152661.948548,,,
Catcoin,CAT,0.0239348,210.936,151787.320585,,,
ReeCoin,REE,5.80966e-05,205.553,148727.296,,,
bitEUR,BITEUR,1.37943,167.973,148572.88758,,,
Coin2.1,C2,0.00189736,157.759,148460.782215,,,
Peerguess,GUESS,0.0128758,154.076,142603.785517,,,
Polcoin,PLC,0.00181683,139.884,142333.631433,,,
ParallelCoin,DUO,0.450759,96.9893,141852.343356,,,
Slimcoin,SLM,0.00946237,0.0,141343.572557,,,
OctoCoin,888,0.00262197,105.878,139795.926513,,,
BROTHER,BRAT,0.000868919,99.467,139027.04,,,
Evotion,EVO,0.0423411,17.8451,138218.282712,,,
SixEleven,611,0.31072,107.82,137175.734039,,,
SoonCoin,SOON,0.01098,47.8407,136839.5676,,,
Joincoin,J,0.043367,2.58725,133419.594624,,,
Debitcoin,DBTC,0.00738188,134.655,132871.102628,,,
Enigma,XNG,0.186423,61.389,131440.392463,,,
Dalecoin,DALC,0.282613,404.569,130998.756051,,,
Eurocoin,EUC,0.0104639,98.6206,129925.584114,,,
Firecoin,FIRE,1.31151,2.44048,129068.238079,,,
Veltor,VLT,0.232475,0.795061,128989.916125,,,
Quatloo,QTL,0.0164305,25.3271,126825.104601,,,
Honey,HONEY,0.27532,314.701,125533.5306,,,
Roofs,ROOFS,0.000947912,67.4889,123228.56,,,
FuzzBalls,FUZZ,0.0243818,4.85593,117762.753001,,,
BitCoal,COAL,0.0258393,275.0,116276.85,,,
Creatio,XCRE,0.00561702,10.8843,115264.137548,,,
ICOBID,ICOB,0.001064,144.661,113899.556249,,,
Franko,FRK,0.118252,1.69905,110065.059284,,,
AntiBitcoin,ANTI,0.0061978,None,108245.561147,,,
Mincoin,MNC,0.0244879,104.169,106253.264723,,,
Bitcoin 21,XBTC21,0.131681,1.10621,104437.188849,,,
Flaxscript,FLAX,0.0184843,48.527,103687.164445,,,
SOILcoin,SOIL,0.0181683,369.525,103596.518678,,,
GPU Coin,GPU,0.00253233,93.4581,102501.226789,,,
Money,$$$,0.00221179,148.234,101492.888887,,,
GuccioneCoin,GCC,0.00497654,24.5933,100951.786302,,,
Blackstar,BSTAR,0.000157985,18.5633,99656.3014828,,,
CacheCoin,CACH,0.0232239,232.783,97427.3290107,,,
Elacoin,ELC,0.237136,23.0274,96697.9548905,,,
PayCon,CON,0.00419015,386.211,96551.9671506,,,
Impact,IMX,0.000868919,24.6779,95244.0111046,,,
ZetaMicron,ZMC,0.000157985,264.371,94845.3928847,,,
Allion,ALL,0.0150248,105.699,93144.1342087,,,
Acoin,ACOIN,0.0761357,82.4295,92892.0222345,,,
Californium,CF,0.0374425,13.0279,91293.1459562,,,
Bolenum,BLN,0.00880067,10.7188,88006.7,,,
Crypto,CTO,0.0063984,6.48166,86872.7173214,,,
WARP,WARP,0.0785977,29.9904,86082.0873848,,,
BipCoin,BIP,0.0518192,35.1819,84323.3729256,,,
iDice,ICE,0.053478,8.94505,84014.6232114,,,
Beatcoin,XBTS,0.0545696,77.1855,83201.5103759,,,
PoSToken,POS,0.0838449,16.3015,82688.5192776,,,
Luna Coin,LUNA,0.0484065,26.4511,82602.2793527,,,
Spots,SPT,0.00366994,115.518,82228.7535915,,,
BnrtxCoin,BNX,0.00284373,136.388,81472.867348,,,
Asiadigicoin,ADCN,0.0032387,339.756,80744.2045898,,,
Marijuanacoin,MAR,0.0492124,328.682,80294.9877076,,,
GoldPieces,GP,0.0652402,180.673,79603.5442849,,,
BenjiRolls,BENJI,0.00381702,220.991,77394.2759643,,,
SongCoin,SONG,0.00236978,111.048,77172.596634,,,
Bitcoin Planet,BTPL,0.0120069,114.128,75920.809703,,,
Metal Music Coin,MTLMC3,0.000947912,18.5871,75566.7298749,,,
X-Coin,XCO,0.00586212,182.269,72602.2155091,,,
Iconic,ICON,0.122448,265.052,72598.6269614,,,
VIP Tokens,VIP,0.000868919,16.6674,72511.6404033,,,
FinCoin,FNC,0.00559763,158.35,72090.0127592,,,
Neuro,NRO,0.00142187,211.036,71633.0695526,,,
BillaryCoin,BLRY,0.00790288,None,71075.46406,,,
Printerium,PRX,0.00595442,252.756,70391.5329399,,,
Sojourn,SOJ,0.140111,0.421028,67983.818754,,,
CompuCoin,CPN,0.00339668,320.025,66625.9437865,,,
PIECoin,PIE,0.00584545,90.1132,64569.2919022,,,
Litecred,LTCR,0.0021328,0.853673,64469.7452546,,,
DAPPSTER,DLISK,0.000631941,21.3278,63194.1,,,
HealthyWormCoin,WORM,0.000552948,352.702,63184.9409015,,,
Gold Pressed ...,GPL,0.246062,214.978,63121.5031427,,,
Shilling,SH,0.00995307,25.697,62267.8988805,,,
Zayedcoin,ZYD,0.00987408,1.744,61652.1756727,,,
BitQuark,BTQ,0.00616143,26.698,60286.9796416,,,
StarCash Network,STARS,0.0612193,11.6009,58107.1976599,,,
CryptoEscudo,CESC,0.000394963,40.581,56916.1826113,,,
MindCoin,MND,0.00355467,30.2147,56404.4193856,,,
Pulse,PULSE,0.00387064,1.9553,55346.1711242,,,
Slevin,SLEVIN,0.000789926,4.11694,55294.8200193,,,
Kronecoin,KRONE,0.00916315,431.234,55135.4697118,,,
Uro,URO,0.0455787,17.8171,55027.6385285,,,
Bitcedi,BXC,0.00924214,260.527,53201.1857984,,,
Artex Coin,ATX,0.00278322,175.575,52273.7419134,,,
Solarflarecoin,SFC,0.00369475,6.55514,52034.8268875,,,
PonziCoin,PONZI,0.0564797,22.5986,48634.613292,,,
KingN Coin,KNC,23.6978,23.087,47609.7570589,,,
EGO,EGO,0.000789926,15.7984,47395.5604435,,,
BowsCoin,BSC,0.00853854,None,47389.7714871,,,
Unrealcoin,URC,0.00655639,1.93366,46054.7190288,,,
Network Token,NTWK,0.00391458,0.0,45688.2766998,,,
SONO,ALTCOM,0.200483,327.301,41835.5778783,,,
ARbit,ARB,0.00505553,38.1692,41472.1303596,,,
Jewels,JWL,0.00205381,32.3811,41449.2455602,,,
Steps,STEPS,0.00221107,None,41181.2163554,,,
VectorAI,VEC2,0.00236978,21.5785,40473.2214181,,,
Remicoin,RMC,0.0214209,178.419,40158.3169686,,,
Ride My Car,RIDE,0.000394963,35.443,40000.6581347,,,
G3N,G3N,0.00521351,2.63614,39423.9943474,,,
MiloCoin,MILO,0.00356769,24.3447,38495.2099661,,,
Dreamcoin,DRM,0.0154036,3.4297,37986.4842471,,,
BiosCrypto,BIOS,0.00181683,3.56154,37829.5055903,,,
CryptoWorldX ...,CWXT,0.000631941,21.6193,37682.7682182,,,
Orlycoin,ORLY,0.0010269,1.32684,37632.5772806,,,
TAGRcoin,TAGR,0.000947912,6.26269,36655.4099121,,,
LetItRide,LIR,0.000947912,84.6414,34979.486887,,,
RSGPcoin,RSGP,20.0278,None,34662.1995213,,,
Braincoin,BRAIN,0.00339668,2.07111,34287.5290879,,,
PlayerCoin,PLACO,0.000953264,0.0,33478.6316843,,,
Zonecoin,ZNE,0.0129548,0.830213,33448.9099262,,,
GeertCoin,GEERT,0.00652184,80.6819,33203.9892971,,,
Wild Beast Block,WBB,0.181209,20.6718,32965.404213,,,
Cthulhu Offer...,OFF,0.0125598,352.84,32948.3409648,,,
Ripto Bux,RBX,8.23551e-05,0.81864,31396.7390333,,,
Credence Coin,CRDNC,0.00885229,49.7729,30336.852501,,,
OsmiumCoin,OS76,0.0338878,3.65017,30296.5742828,,,
CRTCoin,CRT,0.379165,15.8076,30056.5245212,,,
AnarchistsPrime,ACP,0.00647979,232.937,28477.8593071,,,
Destiny,DES,0.0177733,12.5032,28437.280439,,,
PosEx,PEX,0.0114539,9.80425,28099.1672246,,,
ImpulseCoin,IMPS,0.00134287,1.34287,27187.0880494,,,
PLNcoin,PLNC,0.00157985,19.7981,26999.00456,,,
Torcoin,TOR,0.0791506,2.29434,25025.7179826,,,
BOAT,BOAT,0.00134287,245.952,24907.3447494,,,
Bitvolt,VOLT,0.00150086,55.2647,24896.3491272,,,
JavaScript Token,JS,0.00296664,79.1863,23709.3750134,,,
Dollar Online,DOLLAR,0.0308861,14.3403,23281.2023486,,,
Antilitecoin,ALTC,0.000710934,15.7984,22403.3881938,,,
Xonecoin,XOC,0.051207,None,21506.94,,,
CoExistCoin,COXST,0.000755187,3.51133,20465.5677,,,
SydPak,SDP,0.123781,2.47563,19865.931196,,,
iBank,IBANK,0.00434459,29.5,19665.0219872,,,
Rawcoin,XRC,0.0266766,295.843,18803.8551612,,,
BioBar,BIOB,0.0187213,10.835,16582.5089324,,,
Coimatic 3.0,CTIC3,0.00674492,130.297,15240.2287043,,,
Argus,ARGUS,0.0123528,248.152,14185.0173001,,,
SocialCoin,SOCC,0.00979509,1.95902,13565.0108663,,,
NodeCoin,NODC,0.00695135,5.85146,11667.4172007,,,
P7Coin,P7C,0.000315971,17.4582,11128.5738211,,,
Elysium,ELS,0.00276474,33.4089,11072.8170908,,,
Selfiecoin,SLFI,7.89926e-05,16.5885,8517.71524105,,,
Ulatech,ULA,0.0375215,21.8654,7999.08082429,,,
GeyserCoin,GSR,0.138158,24.0644,6474.6226962,,,
Concoin,CONX,0.00742531,5.35862,5526.40362919,,,
Vault Coin,VLTC,0.000157985,121.761,4800.45956565,,,
Tychocoin,TYCHO,0.000914408,0.0,4594.32229414,,,
CaliphCoin,CALC,0.000631941,188.66,4203.54990217,,,
LevoPlus,LVPS,0.00173784,5.90865,3567.28514706,,,
Digital Credits,DGCS,0.000394963,17.0896,2301.20768753,,,
Abncoin,ABN,0.0282355,None,1911.54360412,,,
PizzaCoin,PIZZA,0.00126388,71.522,1741.52197097,,,
Tristar Coin,TSTR,0.000315971,75.601,1588.65689157,,,
CCMiner,CCM100,0.000351787,None,1182.15101518,,,
DIBCOIN,DIBC,0.000218986,None,1094.93,,,
Ebittree Coin,EBT,0.000789926,0.790005,998.869884659,,,
Huobi Token,HT,1.63189,91549800.0,?,,,
DMarket,DMT,1.10181,84236000.0,?,,,
ATMCoin,ATMC,7.314,74571100.0,?,,,
EDUCare,EKT,0.0969182,16633600.0,?,,,
Elastos,ELA,33.5565,13623500.0,?,,,
OceanChain,OC,0.00462132,10103800.0,?,,,
Wanchain,WAN,3.36252,9701030.0,?,,,
TopChain,TOPC,0.0197036,9444140.0,?,,,
Ruff,RUFF,0.0581059,8163460.0,?,,,
Dragon Coins,DRG,1.44856,8071120.0,?,,,
AI Doctor,AIDOC,0.0386188,4541410.0,?,,,
Electronic PK...,EPC,0.043749,3717700.0,?,,,
WaykiChain,WIC,0.391223,3312940.0,?,,,
ChatCoin,CHAT,0.0848947,2596220.0,?,,,
Noah Coin,NOAH,0.0154826,2340130.0,?,,,
Acute Angle C...,AAC,0.0800102,1866160.0,?,,,
Tezos (Pre-La...,XTZ,3.07398,1664510.0,?,,,
W3Coin,W3C,0.000387836,1317100.0,?,,,
Fargocoin,FRGC,8.03392,1278080.0,?,,,
StarChain,STC,0.0233735,1232240.0,?,,,
Molecular Future,MOF,0.210318,1199830.0,?,,,
Lightning Bit...,LBTC,74.9244,1150970.0,?,,,
Show,SHOW,0.00226919,980744.0,?,,,
RealChain,RCT,0.0328572,972960.0,?,,,
Kcash,KCASH,0.0782189,894991.0,?,,,
Legolas Exchange,LGO,0.217712,876589.0,?,,,
COMSA [ETH],CMS,0.653643,851509.0,?,,,
FairGame,FAIR,0.0172108,805121.0,?,,,
Banca,BANCA,0.000474273,729679.0,?,,,
HalalChain,HLC,0.110675,710115.0,?,,,
Octoin Coin,OCC,5.22392,705632.0,?,,,
SelfSell,SSC,0.0405772,650790.0,?,,,
WINCOIN,WC,0.85707,537298.0,?,,,
Pundi X [NEW],NPXS,0.000952474,523659.0,?,,,
LightChain,LIGHT,0.000944721,515525.0,?,,,
OFCOIN,OF,0.00115205,513905.0,?,,,
IPChain,IPC,0.556905,494258.0,?,,,
ugChain,UGC,0.0356279,481613.0,?,,,
Gladius Token,GLA,0.430794,474100.0,?,,,
Tokenomy,TEN,0.284835,471330.0,?,,,
Bitcoin Private,BTCP,26.2724,462401.0,?,,,
IP Exchange,IPSX,0.00634349,416034.0,?,,,
UG Token,UGT,0.433585,404588.0,?,,,
COMSA [XEM],CMS,0.656444,396735.0,?,,,
United Bitcoin,UBTC,16.636,395420.0,?,,,
Content and A...,CAN,0.018122,389715.0,?,,,
Maggie,MAG,0.0108335,371357.0,?,,,
Super Bitcoin,SBTC,7.94339,350344.0,?,,,
Infinity Econ...,XIN,0.0149199,346159.0,?,,,
iQuant,IQT,0.0736554,329943.0,?,,,
Animation Vis...,AVH,0.00897454,311356.0,?,,,
Centrality,CENNZ,0.198114,310127.0,?,,,
CFun,CFUN,0.00591504,309340.0,?,,,
ValueChain,VLC,0.0433585,292056.0,?,,,
MOAC,MOAC,11.2796,267628.0,?,,,
BitcoinX,BCX,0.00516106,256149.0,?,,,
AWARE,AWR,0.0124398,243364.0,?,,,
BitSoar,BSR,0.132945,238826.0,?,,,
NANJCOIN,NANJ,0.000552948,228533.0,?,,,
Neurotoken,NTK,0.293404,170044.0,?,,,
Read,READ,0.016808,168482.0,?,,,
Bitcoin Green,BITG,3.41077,154829.0,?,,,
Etherecash,ECH,0.421366,151468.0,?,,,
Litecoin Cash,LCC,0.176821,141596.0,?,,,
Gems,GEM,0.0123673,138026.0,?,,,
Aidos Kuneen,ADK,19.2975,131059.0,?,,,
PACcoin,$PAC,0.00580473,129899.0,?,,,
WETH,WETH,446.702,125674.0,?,,,
EA Coin,EAG,0.0239533,124543.0,?,,,
InvestDigital,IDT,0.0381275,120081.0,?,,,
Filecoin [Fut...,FIL,6.95806,119203.0,?,,,
MergeCoin,MGC,0.191952,119169.0,?,,,
BigONE Token,BIG,1.40214,111296.0,?,,,
StrikeBitClub,SBC,0.00655639,100996.0,?,,,
BitRent,RNTB,0.0358754,88646.1,?,,,
UnlimitedIP,UIP,0.0207775,88168.4,?,,,
AMLT Token,AMLT,0.0678379,87523.5,?,,,
MedicCoin,MEDIC,0.0417241,80941.4,?,,,
Sphre AIR,XID,0.170411,80571.5,?,,,
Jingtum Tech,SWTC,0.0074996,67083.6,?,,,
Numus,NMS,0.997107,62751.8,?,,,
Dropil,DROP,0.00660379,62311.3,?,,,
Swisscoin,SIC,0.000789926,60584.4,?,,,
Titanium BAR,TBAR,0.230592,60239.4,?,,,
Candy,CANDY,0.000228203,55293.0,?,,,
Peculium,PCL,0.00320473,53056.8,?,,,
Bee Token,BEE,0.0835893,50931.0,?,,,
MktCoin,MLM,0.0546707,48459.3,?,,,
BnkToTheFuture,BFT,0.0770352,48091.6,?,,,
Qube,QUBE,0.0255561,43978.3,?,,,
HireMatch,HIRE,0.0227746,41740.2,?,,,
PressOne,PRS,0.165034,38484.5,?,,,
Fluz Fluz,FLUZ,0.0730249,33610.1,?,,,
MSD,MSD,0.0180718,31298.8,?,,,
Stipend,SPD,1.13275,31034.8,?,,,
SegWit2x,B2X,1.11501,29845.6,?,,,
Titanium Bloc...,BAR,0.0103483,28918.6,?,,,
TimesCoin,TMC,0.734631,25366.5,?,,,
Mixin,XIN,428.681,25274.6,?,,,
Maverick Chain,MVC,0.0370486,23985.2,?,,,
HOQU,HQX,0.0415575,23088.7,?,,,
Paypex,PAYX,0.209262,21441.6,?,,,
Lendroid Supp...,LST,0.0111626,18020.2,?,,,
ZenGold,ZENGOLD,0.0204532,17596.2,?,,,
NaPoleonX,NPX,0.212247,15526.1,?,,,
Blocklancer,LNC,0.0178109,15146.9,?,,,
Hyper Pay,HPY,0.027335,14659.9,?,,,
TechShares,THS,0.477045,14109.8,?,,,
BlockCDN,BCDN,0.0166308,13945.6,?,,,
Golos Gold,GBG,0.0495225,13146.7,?,,,
CryptopiaFeeS...,CEFS,1252.34,12819.8,?,,,
DATx,DATX,0.018,11423.1,?,,,
StarterCoin,STAC,0.0188689,10586.2,?,,,
Signal Token,SIG,0.0176941,9384.99,?,,,
VPNCoin,VASH,0.00410762,9357.57,?,,,
BlitzPredict,XBP,0.0103102,8454.29,?,,,
Infinitecoin,IFC,9.71609e-05,6553.96,?,,,
Cloud,CLD,0.0415879,6376.96,?,,,
ACChain,ACC,0.530154,5850.06,?,,,
EncryptoTel [...,ETT,0.046131,5380.5,?,,,
GameChain System,GCS,0.00788331,5368.2,?,,,
Bitcoin God,GOD,21.2824,5259.74,?,,,
ENTCash,ENT,0.0182857,4873.15,?,,,
WA Space,WA,0.00979509,4625.65,?,,,
Animecoin,ANI,0.00355467,4622.82,?,,,
International...,XID,0.00244877,4608.56,?,,,
SISA,SISA,0.00784856,4004.39,?,,,
Pabyosi Coin ...,PCS,0.0772787,3671.7,?,,,
IDEX Membership,IDXM,1866.7,3478.96,?,,,
Escroco,ESC,0.0971609,2749.11,?,,,
Macro,MCR,0.519494,2512.67,?,,,
TerraNova,TER,12.5543,2508.89,?,,,
RabbitCoin,RBBT,6.50656e-05,2285.76,?,,,
United Trader...,UTT,0.345487,2127.28,?,,,
SwapToken,TOKEN,1.1e-06,2014.67,?,,,
AvatarCoin,AV,0.176075,1553.07,?,,,
CORION,COR,0.396543,1537.7,?,,,
Cyder,CYDER,0.00379165,1501.01,?,,,
BatCoin,BAT,7.89926e-05,1465.54,?,,,
Vulcano,VULC,0.00135067,1332.8,?,,,
CryptCoin,CRYPT,0.0887877,1187.25,?,,,
Alphabit,ABC,46.9423,1163.64,?,,,
TeslaCoilCoin,TESLA,1.03899,1113.8,?,,,
ClubCoin,CLUB,1.34272,1040.92,?,,,
First Bitcoin...,BITCF,0.196929,991.922,?,,,
FlappyCoin,FLAP,4.27026e-05,974.107,?,,,
Internet of T...,XOT,1039.11,968.961,?,,,
Harvest Maste...,HC,0.239585,805.86,?,,,
MarxCoin,MARX,0.00134287,798.756,?,,,
OX Fina,OX,0.000473956,695.855,?,,,
BTCMoon,BTCM,0.00764491,675.292,?,,,
Royalties,XRY,0.000137934,671.469,?,,,
NEO GOLD,NEOG,0.00206522,667.071,?,,,
Superior Coin,SUP,0.00259163,658.764,?,,,
Wi Coin,WIC,0.0010384,621.006,?,,,
Indicoin,INDI,0.00947912,534.306,?,,,
UGAIN,GAIN,0.00260676,519.646,?,,,
Sakuracoin,SKR,0.0021328,516.587,?,,,
President Trump,PRES,0.016965,486.647,?,,,
GOLD Reward T...,GRX,0.0270027,485.723,?,,,
DynamicCoin,DMC,0.00139857,480.677,?,,,
President Joh...,GARY,0.132234,479.749,?,,,
Slothcoin,SLOTH,6.71636e-06,430.915,?,,,
DavorCoin,DAV,0.0133498,416.571,?,,,
Fazzcoin,FAZZ,0.00592445,401.774,?,,,
Sparks,SPK,0.0448107,377.384,?,,,
SJWCoin,SJW,0.000631941,374.972,?,,,
Sand Coin,SND,0.652371,367.493,?,,,
TodayCoin,TODAY,0.000631941,321.758,?,,,
SIGMAcoin,SIGMA,0.0182562,294.153,?,,,
Zilbercoin,ZBC,0.0124317,286.821,?,,,
NamoCoin,NAMO,0.000157985,277.964,?,,,
BlazerCoin,BLAZR,0.00251074,259.822,?,,,
FAPcoin,FAP,0.000788836,257.975,?,,,
GrandCoin,GDC,0.000315971,256.324,?,,,
Musiconomi,MCI,0.0375215,245.746,?,,,
BT2 [CST],BT2,56.7869,225.008,?,,,
Primulon,PRIMU,0.000280791,222.917,?,,,
SHACoin,SHA,0.000868919,214.509,?,,,
Wowcoin,WOW,2.99964e-05,211.437,?,,,
Voyacoin,VOYA,1.07849,207.408,?,,,
WeAreSatoshi,WSX,0.00466057,191.317,?,,,
Francs,FRN,0.0266316,190.471,?,,,
High Gain,HIGH,0.000315971,185.91,?,,,
HODL Bucks,HDLB,0.0529251,170.376,?,,,
LePen,LEPEN,7.89926e-05,168.913,?,,,
Topaz Coin,TOPAZ,0.317234,167.336,?,,,
FutCoin,FUTC,0.00157985,163.501,?,,,
Natcoin,NTC,0.0114389,160.449,?,,,
Minex,MINEX,0.0120839,157.704,?,,,
TrickyCoin,TRICK,0.00703034,151.336,?,,,
Protean,PRN,3.86794e-05,144.37,?,,,
LinkedCoin,LKC,0.000236978,141.576,?,,,
BITFID,FID,0.0312021,137.1,?,,,
Storjcoin X,SJCX,0.750284,133.208,?,,,
Smoke,SMOKE,0.0719915,129.591,?,,,
Aseancoin,ASN,0.00394963,123.359,?,,,
Cubits,QBT,0.0032387,121.399,?,,,
Nitro,NOX,0.0729616,118.15,?,,,
Aces,ACES,0.000367836,114.255,?,,,
Safe Trade Coin,XSTC,0.000394963,112.359,?,,,
Huncoin,HNC,0.0011059,107.138,?,,,
BestChain,BEST,0.00383023,101.4,?,,,
netBit,NBIT,0.0100259,94.3704,?,,,
PlexCoin,PLX,0.0130338,94.1671,?,,,
Ethereum Lite,ELITE,0.308545,93.3867,?,,,
Antimatter,ANTX,0.000157985,89.4039,?,,,
RubleBit,RUBIT,0.00410762,88.1937,?,,,
EDRCoin,EDRC,0.0866633,83.9961,?,,,
Akuya Coin,AKY,0.00371265,81.6319,?,,,
BetaCoin,BET,0.00197482,73.4289,?,,,
UniversalRoya...,UNRC,0.000378058,72.929,?,,,
Fonziecoin,FONZ,0.00118489,72.5493,?,,,
ShellCoin,SHELL,0.031834,69.8626,?,,,
DeltaCredits,DCRE,0.208146,69.0776,?,,,
First Bitcoin,BIT,0.0304122,66.1278,?,,,
UR,UR,0.00118489,60.6723,?,,,
Magnetcoin,MAGN,0.175364,60.1307,?,,,
GAY Money,GAY,0.0229869,59.6725,?,,,
Sharkcoin,SAK,0.00288925,56.9372,?,,,
TopCoin,TOP,0.00165885,56.2697,?,,,
Lazaruscoin,LAZ,0.000947912,55.8513,?,,,
STEX,STEX,0.826715,54.5603,?,,,
Tellurion,TELL,0.00041829,51.3476,?,,,
ZSEcoin,ZSE,0.0196127,51.0564,?,,,
Halloween Coin,HALLO,0.000243823,50.9205,?,,,
Donationcoin,DON,0.0011059,49.2369,?,,,
Pirate Blocks,SKULL,0.00224321,48.6607,?,,,
AlpaCoin,APC,0.00339668,45.86,?,,,
Levocoin,LEVO,0.00118489,42.0031,?,,,
NumusCash,NUMUS,0.000157985,38.7537,?,,,
Bastonet,BSN,0.000789926,32.3565,?,,,
Axiom,AXIOM,0.0112959,31.3926,?,,,
Omicron,OMC,0.213991,27.2702,?,,,
Dutch Coin,DUTCH,0.000710934,26.9314,?,,,
RoyalCoin,ROYAL,0.00466057,26.5149,?,,,
KlondikeCoin,KDC,0.0176944,23.5822,?,,,
Qora,QORA,0.185526,22.3744,?,,,
SuperNET,UNITY,82.5307,22.3531,?,,,
Granite,GRN,0.00955811,21.1648,?,,,
Cycling Coin,CYC,0.00134287,18.7046,?,,,
Opescoin,OPES,0.00205381,17.5059,?,,,
India Coin,INDIA,0.000394963,16.4305,?,,,
BitSerial,BTE,0.00651074,15.2876,?,,,
MobileCash,MBL,0.000473956,13.8005,?,,,
Birds,BIRDS,0.000315971,12.7069,?,,,
Runners,RUNNERS,0.000315971,12.0866,?,,,
Cashme,CME,0.000236978,10.3547,?,,,
Rcoin,RCN,7.89926e-05,9.10682,?,,,
PinkDog,PDG,7.89926e-05,8.85057,?,,,
RichCoin,RICHX,0.00766229,8.78311,?,,,
SafeCoin,SFE,7.89926e-05,7.89926,?,,,
TurboCoin,TURBO,7.89926e-05,7.89926,?,,,
XTD Coin,XTD,7.89926e-05,7.89926,?,,,
Compcoin,CMP,7.86814,7.71078,?,,,
Dubstep,DUB,0.00173784,7.24197,?,,,
Hyper,HYPER,0.0314391,6.91091,?,,,
Moneta,MONETA,0.000394963,6.09444,?,,,
CyberCoin,CC,0.000236978,6.00518,?,,,
Cheapcoin,CHEAP,0.000473956,5.48793,?,,,
MMXVI,MMXVI,0.00371265,5.30372,?,,,
Digital Bulli...,DBG,0.00142187,5.10837,?,,,
EggCoin,EGG,0.0244877,5.01998,?,,,
CoffeeCoin,CFC,0.00173784,4.97093,?,,,
LandCoin,LDCN,0.00308071,4.94571,?,,,
T-coin,TCOIN,0.000157985,3.42828,?,,,
TheCreed,TCR,0.000394963,3.23183,?,,,
PrismChain,PRM,0.00134287,2.68575,?,,,
Wink,WINK,0.000631941,1.93311,?,,,
Psilocybin,PSY,0.0374425,1.76628,?,,,
TeamUp,TEAM,0.000236978,1.74139,?,,,
Quotient,XQN,0.0032387,1.7169,?,,,
GoldMaxCoin,GMX,0.000473956,1.68539,?,,,
KashhCoin,KASHH,7.89926e-05,1.65885,?,,,
Dashs,DASHS,0.0406812,1.59605,?,,,
Tattoocoin (L...,TLE,0.663538,1.32708,?,,,
X2,X2,0.000236978,1.18489,?,,,
The Vegan Ini...,XVE,0.000710934,1.0664,?,,,
Xaucoin,XAU,0.0478695,0.960234,?,,,
InvisibleCoin,IVZ,0.46582,0.931639,?,,,
BitAlphaCoin,BAC,0.00434459,0.928242,?,,,
FrankyWillCoin,FRWC,0.00244877,0.829344,?,,,
LAthaan,LTH,0.000710934,0.790637,?,,,
Karmacoin,KARMA,7.89926e-05,0.789926,?,,,
PayPeer,PAYP,7.89926e-05,0.789926,?,,,
Happy Creator...,HCC,7.89926e-05,0.789926,?,,,
Bitok,BITOK,7.89926e-05,0.789926,?,,,
Bubble,BUB,0.010348,0.192031,?,,,
eGold,EGOLD,0.0143767,0.151994,?,,,
Regacoin,REGA,0.000783586,0.0,?,,,
RHFCoin,RHFC,0.000727971,0.0,?,,,
LLToken,LLT,?,0.0,?,,,
Bitbase,BTBc,0.000941235,0.0,?,,,
ANRYZE,RYZ,0.00693905,0.0,?,,,
SpherePay,SAY,0.00223544,0.0,?,,,
GameLeagueCoin,GML,0.0113533,None,?,,,
UNCoin,UNC,8.59368e-05,None,?,,,
Operand,OP,0.00109536,None,?,,,
OCOW,OCOW,1.66381e-05,None,?,,,
DarkLisk,DISK,0.000937316,None,?,,,
PokeCoin,POKE,8.52236e-05,None,?,,,
SportsCoin,SPORT,0.00157154,None,?,,,
Avoncoin,ACN,0.00034159,None,?,,,
SnakeEyes,SNAKE,0.00507886,None,?,,,
Nexxus,NXX,0.056492,None,?,,,
InfChain,INF,0.0088001,None,?,,,
Farstcoin,FRCT,?,None,?,,,
Monero Gold,XMRG,0.000185086,None,?,,,
